,Video_Clip_Name,Begin_Frame,End_Frame,Finger_Spelling
0,video_80_130_signer.mp4,56,65,E G G
1,13_11_2022_94_signer.mp4,242,270,H A C K E R S
2,video_47_89_signer.mp4,3,22,R O P E
3,video_81_33_signer.mp4,32,60,S H E D
4,video_10_78_signer.mp4,29,72,T R A C Y
5,video_86_72_signer.mp4,130,156,I C E
6,video_81_3_signer.mp4,28,56,S A L L Y
7,video_70_190_signer.mp4,65,84,W A S H E R
8,16_10_2022_138_signer.mp4,345,358,L A W
9,13_11_2022_3_signer.mp4,117,133,S E S
10,video_1_57_signer.mp4,17,32,C U P
11,video_65_164_signer.mp4,107,121,T I L
12,video_73_3_signer.mp4,26,53,S A L L Y
13,video_59_53_signer.mp4,74,80,S O
14,video_55_108_signer.mp4,75,95,D R
15,video_42_85_signer.mp4,137,158,E G G
16,13_11_2022_71_signer.mp4,26,52,N S W
17,video_37_76_signer.mp4,32,50,E G G
18,video_24_13_signer.mp4,3,10,U S E
19,4_12_2022_62_signer.mp4,69,86,W D
20,13_11_2022_164_signer.mp4,5,23,N S W
21,video_30_33_signer.mp4,106,120,X
22,4_12_2022_176_signer.mp4,122,135,S A
23,video_85_106_signer.mp4,81,112,R E C Y C L E
24,video_21_156_signer.mp4,46,67,C U P S
25,video_33_68_signer.mp4,26,90,L A N O L I N
26,video_86_161_signer.mp4,41,80,C U P
27,13_11_2022_187_signer.mp4,132,183,P R O S T A T E
28,video_49_20_signer.mp4,50,67,J A Y
29,video_74_3_signer.mp4,28,56,S A L L Y
30,video_83_37_signer.mp4,81,103,H A L F
31,video_58_112_signer.mp4,40,70,P A T T E R N
32,30_10_2022_168_signer.mp4,59,74,Q Q
33,video_63_142_signer.mp4,5,22,H O W
34,video_80_176_signer.mp4,39,79,N E C T A R
35,13_11_2022_119_signer.mp4,82,85,I F
36,4_12_2022_75_signer.mp4,126,149,T E R R O R I S T
37,video_67_175_signer.mp4,63,81,M A P
38,video_4_76_signer.mp4,31,49,S E A
39,video_56_56_signer.mp4,38,79,P A N C A K E
40,video_65_153_signer.mp4,13,55,S U N F L O W E R
41,video_77_29_signer.mp4,44,80,M A R K S
42,video_62_75_signer.mp4,24,80,N E V I L L E
43,16_10_2022_80_signer.mp4,1,82,M U R R U M B I D G E E
44,video_18_161_signer.mp4,34,86,R A I N B O W
45,30_10_2022_189_signer.mp4,47,62,N I D S
46,13_11_2022_178_signer.mp4,13,34,B B S Y
47,video_61_95_signer.mp4,30,47,C R A F T
48,video_85_71_signer.mp4,38,64,C R A F T
49,video_5_101_signer.mp4,27,41,D O
50,video_1_56_signer.mp4,3,31,F L O U R
51,video_78_64_signer.mp4,72,96,M A P
52,video_34_116_signer.mp4,131,167,C H A L K
53,video_73_26_signer.mp4,2,37,G A L L E Y
54,4_12_2022_105_signer.mp4,24,49,S H I N E
55,video_64_87_signer.mp4,32,56,T O O L
56,30_10_2022_100_signer.mp4,293,304,E G G
57,video_72_162_signer.mp4,70,88,G E T
58,video_50_52_signer.mp4,15,50,C O M P O S T
59,video_16_130_signer.mp4,40,81,O L I V E
60,video_64_92_signer.mp4,41,64,N E S T
61,24_7_2022_151_signer.mp4,138,173,G B S
62,video_50_93_signer.mp4,28,41,P I E
63,video_86_88_signer.mp4,6,24,T A P
64,13_11_2022_27_signer.mp4,87,113,B I D E N
65,video_87_7_signer.mp4,16,41,P I E
66,video_68_99_signer.mp4,26,54,S T E A M
67,video_51_158_signer.mp4,30,102,S U N D I A L
68,24_7_2022_219_signer.mp4,49,82,W I N T E R
69,video_7_105_signer.mp4,44,53,I C E
70,video_33_36_signer.mp4,13,39,W O O L
71,video_87_57_signer.mp4,0,13,S A L L Y
72,video_66_60_signer.mp4,26,58,S H A D O W S
73,video_56_39_signer.mp4,14,53,P A N C A K E
74,video_67_22_signer.mp4,89,125,C O M P O S T
75,video_36_3_signer.mp4,40,78,S A L L Y
76,4_12_2022_55_signer.mp4,32,45,P M
77,video_30_118_signer.mp4,182,204,M A P
78,video_22_83_signer.mp4,38,72,D E A R
79,video_39_100_signer.mp4,68,85,T O O L
80,13_11_2022_184_signer.mp4,113,163,M O V E M B E R
81,13_11_2022_5_signer.mp4,58,75,K I N G
82,16_10_2022_78_signer.mp4,105,245,N S W   R I V E R I N A
83,video_34_3_signer.mp4,38,77,S A L L Y
84,30_10_2022_74_signer.mp4,116,143,C O A L
85,video_60_149_signer.mp4,123,161,P O S S U M
86,video_41_81_signer.mp4,26,69,S
87,13_11_2022_37_signer.mp4,214,259,L A S   V E G A S
88,4_12_2022_136_signer.mp4,143,225,M A U N A
89,video_20_51_signer.mp4,159,188,C A M P
90,13_11_2022_185_signer.mp4,298,306,M
91,video_75_33_signer.mp4,11,28,T H E
92,video_37_17_signer.mp4,34,50,E G G
93,video_58_86_signer.mp4,60,103,P A T T E R N
94,video_30_144_signer.mp4,43,79,C L U E
95,video_4_15_signer.mp4,54,92,P E T
96,video_72_110_signer.mp4,8,37,E V E N
97,13_11_2022_15_signer.mp4,72,109,A L B A N E S E
98,30_10_2022_51_signer.mp4,33,41,H W
99,video_33_156_signer.mp4,31,64,T R E A T
100,13_11_2022_193_signer.mp4,40,140,T A L G E N T Y E R E
101,30_10_2022_85_signer.mp4,138,171,B O U R K E
102,16_10_2022_121_signer.mp4,223,250,W A
103,30_10_2022_105_signer.mp4,35,75,I S L A M I S T
104,30_10_2022_191_signer.mp4,1,12,N D I S
105,video_83_90_signer.mp4,44,71,P I E
106,video_62_58_signer.mp4,18,38,T O O L S
107,video_58_38_signer.mp4,17,59,P A T T E R N
108,video_43_32_signer.mp4,34,72,C A S T L E
109,4_12_2022_102_signer.mp4,155,176,A B C
110,video_55_106_signer.mp4,16,28,D R
111,video_90_117_signer.mp4,97,119,S A L L Y
112,video_32_53_signer.mp4,8,77,L I T T E R
113,13_11_2022_56_signer.mp4,6,16,I F
114,13_11_2022_24_signer.mp4,46,93,C A T H E R I N E
115,video_47_73_signer.mp4,69,97,P A T T E R N
116,video_30_170_signer.mp4,31,58,M A P
117,video_61_142_signer.mp4,0,16,M U D
118,video_67_110_signer.mp4,84,107,Y A R D
119,16_10_2022_77_signer.mp4,133,145,T A S
120,video_4_80_signer.mp4,9,39,S A N D
121,video_4_67_signer.mp4,120,157,G R E A T
122,16_10_2022_51_signer.mp4,167,187,S E S
123,video_64_54_signer.mp4,4,41,R A K E
124,24_7_2022_133_signer.mp4,77,95,L A W
125,24_7_2022_96_signer.mp4,104,121,P O X
126,4_12_2022_33_signer.mp4,68,97,M E S S I
127,30_10_2022_149_signer.mp4,70,111,A L A B A M A
128,video_22_84_signer.mp4,38,69,D E A R
129,video_74_168_signer.mp4,130,159,P U S H
130,video_76_129_signer.mp4,74,117,T E L E S C O P E
131,video_56_95_signer.mp4,41,78,M L
132,video_21_83_signer.mp4,2,78,F L O U R
133,13_11_2022_36_signer.mp4,34,70,R E P U B L I C
134,video_23_3_signer.mp4,36,73,S A L L Y
135,video_29_170_signer.mp4,109,134,P O T
136,video_70_188_signer.mp4,37,61,S C R A P
137,video_29_53_signer.mp4,22,44,R O O T
138,video_78_139_signer.mp4,116,154,S U M I
139,video_22_31_signer.mp4,19,51,B I L L
140,video_55_116_signer.mp4,50,68,D R
141,video_62_126_signer.mp4,342,388,A N G L E
142,24_7_2022_214_signer.mp4,157,179,A C
143,video_75_205_signer.mp4,79,96,I S
144,video_48_35_signer.mp4,73,103,G U A R D
145,video_78_3_signer.mp4,28,55,S A L L Y
146,video_16_122_signer.mp4,47,68,G R A M
147,16_10_2022_39_signer.mp4,205,254,S A N D B A G S
148,video_25_49_signer.mp4,48,67,J A Y
149,4_12_2022_165_signer.mp4,151,166,N S W
150,13_11_2022_184_signer.mp4,232,235,F
151,video_79_83_signer.mp4,13,31,M O O N
152,video_88_125_signer.mp4,6,78,S A L L Y
153,30_10_2022_182_signer.mp4,39,70,F D G G
154,video_89_70_signer.mp4,102,139,C H A I N
155,video_88_155_signer.mp4,10,25,S
156,video_82_125_signer.mp4,27,56,S A L L Y
157,16_10_2022_16_signer.mp4,27,64,E C H U C A
158,video_27_38_signer.mp4,72,97,K I T E
159,video_55_95_signer.mp4,178,219,B O N E S
160,16_10_2022_116_signer.mp4,73,100,H A N E Y
161,video_86_3_signer.mp4,28,55,S A L L Y
162,video_84_44_signer.mp4,13,20,C O D E
163,video_65_100_signer.mp4,103,119,B A C O N
164,video_4_25_signer.mp4,96,127,P E T
165,video_16_114_signer.mp4,57,80,C U P S
166,video_46_109_signer.mp4,26,50,P E A S
167,4_12_2022_63_signer.mp4,53,89,M A T T   K E A N
168,video_29_176_signer.mp4,7,32,G L U E
169,13_11_2022_185_signer.mp4,283,289,F
170,video_88_149_signer.mp4,53,91,P O S S U M
171,video_80_117_signer.mp4,32,46,E G G
172,video_54_25_signer.mp4,34,66,S A L L Y
173,video_79_86_signer.mp4,16,63,C R A T E R S
174,video_85_112_signer.mp4,23,47,R E U S E
175,video_82_46_signer.mp4,78,108,C O G S
176,4_12_2022_112_signer.mp4,27,39,O I L
177,video_30_20_signer.mp4,65,112,T R E A S U R E
178,13_11_2022_114_signer.mp4,156,179,D A L A S
179,video_43_46_signer.mp4,156,175,U S E
180,video_15_123_signer.mp4,13,47,R E E F
181,video_69_155_signer.mp4,0,26,C R E A M
182,16_10_2022_74_signer.mp4,39,69,T I D E S
183,video_20_61_signer.mp4,42,64,A I R
184,video_33_49_signer.mp4,217,234,A I R
185,video_38_84_signer.mp4,89,100,D O
186,13_11_2022_42_signer.mp4,27,69,G E O R G I A
187,video_29_91_signer.mp4,31,62,G U T T E R
188,4_12_2022_45_signer.mp4,163,182,F A N S
189,video_73_150_signer.mp4,29,57,N E S T
190,video_89_99_signer.mp4,5,23,S K I P
191,video_13_3_signer.mp4,20,62,S A L L Y
192,16_10_2022_57_signer.mp4,1,23,S E S
193,13_11_2022_65_signer.mp4,291,312,T R U M P
194,video_37_49_signer.mp4,51,78,E G G
195,13_11_2022_26_signer.mp4,20,39,R E P
196,video_79_98_signer.mp4,73,94,F U L L
197,video_72_136_signer.mp4,8,26,O D D
198,video_90_235_signer.mp4,27,49,W E E D
199,video_4_112_signer.mp4,57,99,C O R A L
200,video_1_59_signer.mp4,72,89,F L O U R
201,13_11_2022_25_signer.mp4,125,139,T E R M
202,video_81_122_signer.mp4,121,132,D O
203,video_40_101_signer.mp4,62,81,S E E D
204,video_70_175_signer.mp4,30,60,S K Y
205,video_56_97_signer.mp4,25,53,F L O U R
206,video_69_49_signer.mp4,0,23,C R E A M
207,video_87_22_signer.mp4,103,145,H R
208,video_85_82_signer.mp4,8,35,R E U S E
209,video_84_168_signer.mp4,33,55,S H E D
210,video_38_54_signer.mp4,56,108,J I G S A W
211,video_14_59_signer.mp4,24,44,P O T
212,video_18_1_signer.mp4,16,52,S A L L Y
213,video_9_67_signer.mp4,71,100,P I P E
214,video_16_142_signer.mp4,37,72,K N E A D
215,30_10_2022_139_signer.mp4,198,314,R O B E R T A   W Y D E R M Y E R
216,24_7_2022_59_signer.mp4,1,69,A L I C E   S P R I N G S
217,video_90_227_signer.mp4,29,50,M O D E L
218,video_17_58_signer.mp4,54,97,S N A P
219,video_84_53_signer.mp4,104,128,T O O L S
220,video_20_77_signer.mp4,52,68,H O T
221,video_19_130_signer.mp4,104,129,O V A L
222,video_66_104_signer.mp4,35,61,P O S S
223,video_38_47_signer.mp4,92,134,J I G S A W
224,video_11_108_signer.mp4,106,138,C I N N A M O N
225,16_10_2022_141_signer.mp4,220,228,I F
226,13_11_2022_95_signer.mp4,3,21,C L A R E
227,video_12_3_signer.mp4,19,62,S A L L Y
228,4_12_2022_32_signer.mp4,93,112,Q F
229,video_56_60_signer.mp4,44,63,U S E
230,4_12_2022_189_signer.mp4,59,70,H W
231,13_11_2022_58_signer.mp4,127,137,D E M
232,30_10_2022_45_signer.mp4,69,79,G G
233,video_21_119_signer.mp4,167,212,S M O O T H I E S
234,video_79_139_signer.mp4,53,82,M O O N
235,video_15_52_signer.mp4,42,116,O B S T A C L E
236,video_61_3_signer.mp4,29,55,S A L L Y
237,video_64_63_signer.mp4,55,98,R A K E
238,video_88_137_signer.mp4,25,83,L E A R N
239,video_37_174_signer.mp4,50,70,E G G
240,video_43_2_signer.mp4,24,61,S A L L Y
241,video_74_68_signer.mp4,57,85,P U L L
242,4_12_2022_59_signer.mp4,220,233,C O A L
243,video_61_40_signer.mp4,44,67,T E A
244,video_40_131_signer.mp4,40,62,F E T A
245,video_46_112_signer.mp4,27,44,P E A S
246,video_87_22_signer.mp4,165,180,M I N
247,video_87_55_signer.mp4,21,52,S E C
248,24_7_2022_80_signer.mp4,134,146,N T
249,video_37_96_signer.mp4,0,10,E G G
250,video_77_3_signer.mp4,28,55,S A L L Y
251,13_11_2022_82_signer.mp4,22,36,K M
252,24_7_2022_84_signer.mp4,34,58,W H O
253,video_72_97_signer.mp4,122,145,O D D
254,video_70_74_signer.mp4,55,69,U S E
255,video_72_95_signer.mp4,0,25,O D D
256,video_90_127_signer.mp4,55,80,S A L L Y
257,video_90_108_signer.mp4,83,110,G A L L E Y
258,video_65_135_signer.mp4,22,46,T O O L S
259,video_56_41_signer.mp4,97,120,F L I P
260,video_79_157_signer.mp4,223,240,F U L L
261,video_39_38_signer.mp4,21,52,B E A N
262,video_80_90_signer.mp4,76,112,E G G
263,video_17_47_signer.mp4,72,87,S I Z E
264,video_4_76_signer.mp4,50,71,O C E A N
265,4_12_2022_7_signer.mp4,136,150,M I N
266,video_82_130_signer.mp4,4,34,C O G S
267,video_51_3_signer.mp4,42,77,S A L L Y
268,16_10_2022_125_signer.mp4,1,19,S E C
269,video_41_3_signer.mp4,40,75,S A L L Y
270,13_11_2022_43_signer.mp4,5,17,D E M
271,13_11_2022_20_signer.mp4,148,179,A S E A N
272,4_12_2022_122_signer.mp4,42,56,O I L
273,4_12_2022_171_signer.mp4,75,84,V I C
274,video_37_78_signer.mp4,119,138,E G G
275,13_11_2022_8_signer.mp4,296,342,P R E M I E R
276,30_10_2022_105_signer.mp4,110,168,A L S H A B A A B
277,video_79_180_signer.mp4,100,131,S H E D
278,video_73_5_signer.mp4,90,129,M U F F I N S
279,video_27_55_signer.mp4,121,131,A I R
280,video_60_67_signer.mp4,6,36,D R
281,13_11_2022_89_signer.mp4,29,56,N S W
282,video_82_10_signer.mp4,46,65,E G G
283,video_29_172_signer.mp4,37,64,G L U E
284,video_90_103_signer.mp4,3,12,I F
285,video_43_50_signer.mp4,42,62,S N A C K
286,30_10_2022_1_signer.mp4,141,153,A S
287,video_57_42_signer.mp4,90,112,A R T
288,video_84_68_signer.mp4,1,17,B
289,video_1_11_signer.mp4,38,86,G L U E
290,30_10_2022_61_signer.mp4,134,161,A C C
291,video_84_63_signer.mp4,49,66,T O O L
292,video_17_77_signer.mp4,22,55,S P O N G E
293,24_7_2022_91_signer.mp4,99,116,P O X
294,13_11_2022_43_signer.mp4,90,114,S E N A T E
295,13_11_2022_151_signer.mp4,114,173,S E M I F I N A L
296,24_7_2022_86_signer.mp4,26,45,P O X
297,13_11_2022_114_signer.mp4,123,137,S W
298,video_80_80_signer.mp4,21,41,P U P A
299,video_65_150_signer.mp4,108,138,S E E D
300,video_18_140_signer.mp4,70,109,W H E E L
301,13_11_2022_65_signer.mp4,223,277,A R I M O N A
302,video_74_69_signer.mp4,60,84,P U S H
303,video_37_62_signer.mp4,135,168,E G G
304,video_20_22_signer.mp4,56,77,B A G
305,video_58_117_signer.mp4,52,72,P A T T E R N
306,video_55_3_signer.mp4,42,77,S A L L Y
307,16_10_2022_29_signer.mp4,126,170,M O O R O O P
308,30_10_2022_188_signer.mp4,20,48,N D I S
309,13_11_2022_8_signer.mp4,5,31,A S E A N
310,video_77_129_signer.mp4,32,68,H U M M U S
311,video_25_79_signer.mp4,59,75,J A Y
312,video_25_122_signer.mp4,105,139,L A P S
313,video_85_110_signer.mp4,0,38,R E C Y C L E
314,video_89_43_signer.mp4,68,98,F O R C E
315,24_7_2022_70_signer.mp4,39,55,D V
316,video_89_3_signer.mp4,28,55,S A L L Y
317,4_12_2022_82_signer.mp4,243,270,M E S H
318,video_73_24_signer.mp4,84,105,M U F F I N
319,13_11_2022_127_signer.mp4,203,237,D M Z
320,video_30_33_signer.mp4,35,64,M A P
321,video_32_86_signer.mp4,35,53,U S E
322,video_25_76_signer.mp4,2,32,D E A R
323,24_7_2022_41_signer.mp4,12,32,U N I O N
324,13_11_2022_36_signer.mp4,302,318,D E M
325,video_89_16_signer.mp4,57,67,R U N
326,video_73_58_signer.mp4,41,62,T O O L S
327,video_87_19_signer.mp4,40,56,H R
328,video_86_73_signer.mp4,159,198,L I Q U I D
329,13_11_2022_1_signer.mp4,23,49,B I D E N
330,video_34_67_signer.mp4,60,112,W A L L A B Y
331,video_20_129_signer.mp4,72,116,S H A D O W
332,video_86_52_signer.mp4,52,68,I C E
333,video_63_102_signer.mp4,15,69,R E C T A N G L E
334,video_35_76_signer.mp4,5,36,B A G
335,video_77_159_signer.mp4,78,96,R U N
336,24_7_2022_168_signer.mp4,295,306,W O O D
337,4_12_2022_8_signer.mp4,119,136,R Y A N
338,video_49_108_signer.mp4,12,22,J A Y
339,24_7_2022_57_signer.mp4,81,111,D U R A L
340,video_43_41_signer.mp4,55,93,C A S T L E
341,video_33_58_signer.mp4,27,49,U S E
342,video_48_109_signer.mp4,7,107,S T O P
343,video_77_173_signer.mp4,186,199,T O
344,13_11_2022_40_signer.mp4,2,16,R E P
345,video_87_50_signer.mp4,134,153,M I N
346,4_12_2022_68_signer.mp4,123,133,G G
347,13_11_2022_16_signer.mp4,14,52,P R E M I E R
348,video_77_33_signer.mp4,33,50,M A R K S
349,video_49_47_signer.mp4,7,56,P A D D L E
350,video_1_24_signer.mp4,0,15,G L U E
351,video_78_30_signer.mp4,26,53,S U M I
352,video_21_87_signer.mp4,154,162,U S E
353,video_13_117_signer.mp4,57,99,T A I L
354,video_42_81_signer.mp4,4,54,M U E S L I
355,video_13_99_signer.mp4,168,187,N E E D
356,video_89_157_signer.mp4,57,74,F U N
357,30_10_2022_149_signer.mp4,1,61,N A S A   H Q
358,4_12_2022_85_signer.mp4,99,128,S H I N E
359,video_86_119_signer.mp4,50,78,O I L
360,video_37_92_signer.mp4,8,38,F R E E
361,video_32_3_signer.mp4,36,77,S A L L Y
362,30_10_2022_87_signer.mp4,74,116,S O U T H B A N K
363,video_73_31_signer.mp4,67,98,G A L L E Y
364,video_88_159_signer.mp4,3,26,S A L L Y
365,4_12_2022_58_signer.mp4,171,184,C O A L
366,video_89_59_signer.mp4,0,25,C H A I N
367,video_77_137_signer.mp4,38,51,T A L L Y
368,video_85_161_signer.mp4,22,64,C O M P O S T
369,video_63_142_signer.mp4,94,128,B O X
370,video_67_205_signer.mp4,17,30,M A P
371,4_12_2022_57_signer.mp4,96,106,G G
372,30_10_2022_75_signer.mp4,105,117,G G
373,30_10_2022_80_signer.mp4,87,110,N S W
374,video_7_50_signer.mp4,74,104,K E B A B
375,video_4_63_signer.mp4,322,386,C O L L A G E
376,video_86_167_signer.mp4,10,30,O I L
377,video_16_119_signer.mp4,62,109,T E A S P O O N
378,video_52_138_signer.mp4,90,114,R O A D
379,13_11_2022_33_signer.mp4,62,106,B A R B A R A
380,video_62_28_signer.mp4,40,62,T A N K
381,video_69_147_signer.mp4,0,10,B U T T E R
382,video_46_132_signer.mp4,19,33,I F
383,video_65_161_signer.mp4,22,43,O I L
384,13_11_2022_36_signer.mp4,171,193,T R U M P
385,video_61_40_signer.mp4,69,89,T O W E L
386,24_7_2022_162_signer.mp4,150,156,I F
387,video_33_3_signer.mp4,38,76,S A L L Y
388,video_42_78_signer.mp4,18,38,M E N U
389,13_11_2022_65_signer.mp4,164,208,C A R I   L A K E
390,4_12_2022_55_signer.mp4,90,104,S E N A T E
391,video_43_15_signer.mp4,63,95,C A S T L E
392,4_12_2022_190_signer.mp4,26,73,L G B T Q
393,video_84_117_signer.mp4,87,118,C O D E
394,video_42_15_signer.mp4,32,46,M I L K
395,30_10_2022_54_signer.mp4,246,264,T A X
396,video_64_131_signer.mp4,131,152,T O O L
397,video_87_46_signer.mp4,64,85,S A L L Y
398,video_73_127_signer.mp4,20,48,C R O W S
399,video_70_171_signer.mp4,53,68,S K Y
400,video_65_3_signer.mp4,27,55,S A L L Y
401,4_12_2022_126_signer.mp4,197,235,E S T O N I A
402,video_55_99_signer.mp4,32,71,X R A Y
403,video_58_55_signer.mp4,63,102,P A T T E R N
404,24_7_2022_27_signer.mp4,52,106,T O N Y   B U R K E
405,video_76_31_signer.mp4,0,34,S K I P
406,video_70_106_signer.mp4,0,25,W A S H E R
407,video_69_152_signer.mp4,66,83,M I L K
408,13_11_2022_134_signer.mp4,76,100,M I N E S
409,video_57_114_signer.mp4,43,50,T O
410,video_69_78_signer.mp4,4,28,J A R
411,13_11_2022_64_signer.mp4,146,172,T R U M P
412,4_12_2022_8_signer.mp4,284,323,A L V A R E Z
413,video_40_45_signer.mp4,41,66,F E R T
414,video_54_105_signer.mp4,141,153,D O
415,13_11_2022_64_signer.mp4,59,83,A D A M
416,16_10_2022_15_signer.mp4,158,182,R E C O R D
417,video_20_26_signer.mp4,50,68,U S E
418,video_84_89_signer.mp4,90,118,C O D E
419,video_20_74_signer.mp4,4,22,B B Q
420,video_87_3_signer.mp4,28,54,S A L L Y
421,4_12_2022_22_signer.mp4,73,95,R Y A N
422,video_52_75_signer.mp4,44,81,D I G
423,4_12_2022_86_signer.mp4,43,92,M E S H E Z N T
424,24_7_2022_32_signer.mp4,41,62,U N I O N
425,video_78_78_signer.mp4,7,76,J A P A N
426,4_12_2022_59_signer.mp4,86,96,G G
427,video_37_30_signer.mp4,2,20,E G G
428,4_12_2022_56_signer.mp4,38,47,G G
429,video_74_144_signer.mp4,2,53,P U S H
430,24_7_2022_82_signer.mp4,109,127,P O X
431,video_46_20_signer.mp4,28,50,S A L L Y
432,video_74_149_signer.mp4,46,86,P P P
433,video_86_138_signer.mp4,68,95,T R A Y
434,video_69_80_signer.mp4,77,93,J A R
435,video_81_42_signer.mp4,30,66,S A L L Y
436,13_11_2022_150_signer.mp4,203,243,F L O R E N C E
437,video_78_48_signer.mp4,44,69,S U M I
438,video_20_12_signer.mp4,15,44,T E N T
439,video_33_57_signer.mp4,26,45,W O O L
440,4_12_2022_56_signer.mp4,134,149,S T A T E
441,video_16_149_signer.mp4,36,51,O V E N
442,13_11_2022_126_signer.mp4,87,124,M I N I B U S
443,video_68_138_signer.mp4,16,44,S T E A M
444,4_12_2022_24_signer.mp4,13,54,A L V A R E Z
445,16_10_2022_26_signer.mp4,1,14,T A S
446,video_4_99_signer.mp4,51,89,C O R A L
447,13_11_2022_97_signer.mp4,16,49,H A C K E R S
448,video_59_118_signer.mp4,146,169,P A T T E R N
449,video_5_99_signer.mp4,26,54,C O T T O N
450,24_7_2022_48_signer.mp4,45,90,C L I M A T E
451,video_9_56_signer.mp4,13,31,C U P
452,30_10_2022_106_signer.mp4,91,107,P M
453,video_90_1_signer.mp4,25,51,S A L L Y
454,video_72_164_signer.mp4,17,48,S A L L Y
455,video_4_94_signer.mp4,20,84,S T A R F I S H
456,video_29_164_signer.mp4,71,93,C L A Y
457,13_11_2022_187_signer.mp4,187,215,C A N C E R
458,video_38_40_signer.mp4,21,36,A C C
459,video_88_112_signer.mp4,73,104,L E T T E R S
460,video_88_145_signer.mp4,30,88,L E T T E R S
461,video_71_158_signer.mp4,1,15,T O
462,video_50_51_signer.mp4,63,96,P I E
463,13_11_2022_90_signer.mp4,57,72,T R A F F I C
464,video_84_126_signer.mp4,6,26,S
465,4_12_2022_165_signer.mp4,220,250,M E A Y E S
466,24_7_2022_35_signer.mp4,1,105,M A L C O M   T U R N B U L L
467,video_48_30_signer.mp4,5,23,J A Y
468,13_11_2022_53_signer.mp4,88,104,D E M
469,13_11_2022_56_signer.mp4,23,41,B I D E N
470,video_84_96_signer.mp4,59,74,X
471,30_10_2022_95_signer.mp4,142,166,E G G
472,video_78_50_signer.mp4,72,112,M A R B L I N G
473,video_64_180_signer.mp4,112,146,T O O L S
474,video_45_14_signer.mp4,39,92,O B S T A C L E
475,30_10_2022_64_signer.mp4,27,44,J I M
476,video_23_25_signer.mp4,54,73,R O O M
477,13_11_2022_161_signer.mp4,1,17,Q Q
478,video_35_63_signer.mp4,4,109,P O S S U M
479,video_75_108_signer.mp4,70,103,D I G
480,video_78_49_signer.mp4,107,171,S U M I N A G A S H I
481,video_39_71_signer.mp4,34,62,W O O D
482,video_3_75_signer.mp4,19,58,J U I C E
483,video_21_141_signer.mp4,38,83,Y O G H O U R T
484,video_72_43_signer.mp4,110,132,J A Y
485,video_30_135_signer.mp4,29,75,T R E A S U R E
486,video_79_124_signer.mp4,76,119,W A S
487,video_86_76_signer.mp4,38,47,I C E
488,video_82_133_signer.mp4,143,164,C O G S
489,video_79_157_signer.mp4,241,265,M O O N
490,video_23_39_signer.mp4,89,118,S H A R E
491,video_40_57_signer.mp4,5,38,S E E D
492,video_46_3_signer.mp4,42,74,S A L L Y
493,video_85_172_signer.mp4,87,97,U S E
494,video_75_54_signer.mp4,27,41,H E
495,video_28_98_signer.mp4,116,143,S A I L O R
496,30_10_2022_79_signer.mp4,32,50,N S W
497,video_6_64_signer.mp4,31,43,W O O D
498,video_59_78_signer.mp4,193,242,H O N E Y C O M B
499,video_88_89_signer.mp4,28,61,L E T T E R
500,video_89_70_signer.mp4,140,173,R E A C T I O N
501,13_11_2022_69_signer.mp4,49,74,T R U M P
502,13_11_2022_27_signer.mp4,212,239,S E N A T E
503,video_40_122_signer.mp4,43,62,S E E D S
504,video_23_15_signer.mp4,56,75,O V E N
505,video_87_23_signer.mp4,20,40,H R
506,video_1_22_signer.mp4,49,86,G L U E
507,video_60_149_signer.mp4,81,119,S I R
508,video_5_95_signer.mp4,126,180,M U S T A R D
509,4_12_2022_95_signer.mp4,103,120,S U P E R
510,video_30_29_signer.mp4,27,53,T R E A S U R E
511,16_10_2022_19_signer.mp4,185,225,M U R R A Y
512,video_24_94_signer.mp4,61,129,G A U G E
513,video_37_19_signer.mp4,17,41,E G G
514,video_52_47_signer.mp4,71,96,R O L L E R
515,video_69_55_signer.mp4,43,73,C R E A M
516,video_64_189_signer.mp4,20,46,T O O L S
517,video_35_9_signer.mp4,41,68,M U E S L I
518,24_7_2022_34_signer.mp4,1,26,A B C C
519,30_10_2022_88_signer.mp4,88,142,M A C Q U A R I E
520,13_11_2022_74_signer.mp4,1,19,S E S
521,24_7_2022_200_signer.mp4,119,136,A P R I L
522,13_11_2022_23_signer.mp4,10,37,D E M
523,video_23_12_signer.mp4,48,52,D O
524,30_10_2022_104_signer.mp4,27,57,S O M A L I A
525,video_13_34_signer.mp4,51,67,V E G
526,video_64_61_signer.mp4,99,117,U S E
527,13_11_2022_175_signer.mp4,46,77,L A S S E T E R
528,video_56_66_signer.mp4,159,207,P I K E L E T S
529,video_37_28_signer.mp4,36,60,P A N
530,video_20_15_signer.mp4,5,43,C A M P
531,video_10_74_signer.mp4,20,40,V E G G I E
532,24_7_2022_91_signer.mp4,174,188,D R
533,video_65_147_signer.mp4,2,35,C H I A
534,24_7_2022_40_signer.mp4,200,222,L O G O
535,video_1_34_signer.mp4,60,93,G L U E
536,video_84_124_signer.mp4,2,24,T
537,video_65_158_signer.mp4,12,47,D A T E S
538,24_7_2022_31_signer.mp4,61,105,L E N D   L E A S E
539,video_67_224_signer.mp4,34,64,C O M P O S T
540,video_46_122_signer.mp4,20,32,P E A S
541,video_85_15_signer.mp4,66,80,V E G
542,30_10_2022_5_signer.mp4,1,19,N E W S
543,video_21_33_signer.mp4,6,22,F L O U R
544,video_26_72_signer.mp4,61,77,J A Y
545,video_88_3_signer.mp4,29,55,S A L L Y
546,video_17_101_signer.mp4,31,43,C A R D
547,30_10_2022_53_signer.mp4,174,196,T A X
548,24_7_2022_89_signer.mp4,317,335,P O X
549,4_12_2022_38_signer.mp4,121,149,F E D   S Q
550,video_2_113_signer.mp4,41,50,D O
551,video_37_98_signer.mp4,26,48,E G G
552,video_45_2_signer.mp4,2,37,S A L L Y
553,13_11_2022_68_signer.mp4,283,291,I F
554,video_74_80_signer.mp4,16,38,B I R D
555,30_10_2022_122_signer.mp4,50,60,E G
556,video_63_91_signer.mp4,81,107,C R A F T
557,24_7_2022_170_signer.mp4,25,138,E S P E R A N C E
558,video_62_141_signer.mp4,44,85,A N G L E
559,30_10_2022_168_signer.mp4,76,87,N S W
560,24_7_2022_30_signer.mp4,57,102,T O N Y   B U R K E
561,video_84_56_signer.mp4,8,24,D O
562,video_37_25_signer.mp4,115,131,E G G
563,video_79_65_signer.mp4,39,64,M O O N
564,4_12_2022_8_signer.mp4,49,76,R Y A N
565,video_12_71_signer.mp4,105,129,P O C K E T
566,video_55_165_signer.mp4,46,74,X R A Y
567,16_10_2022_80_signer.mp4,212,251,F O R B E S
568,video_51_138_signer.mp4,123,169,S I L H O U E T T E
569,video_79_84_signer.mp4,51,75,R O C K
570,24_7_2022_59_signer.mp4,222,302,D O M E S T I C   V I O L E N C E
571,13_11_2022_24_signer.mp4,104,133,C O R T E Z
572,13_11_2022_54_signer.mp4,1,13,R E P
573,30_10_2022_76_signer.mp4,161,182,I S
574,13_11_2022_164_signer.mp4,78,92,A C T
575,video_64_141_signer.mp4,60,85,C H A R T
576,video_44_150_signer.mp4,68,80,S Q
577,video_30_120_signer.mp4,143,175,M A P
578,video_86_126_signer.mp4,19,35,O I L
579,video_46_25_signer.mp4,0,13,T O O L
580,video_76_3_signer.mp4,28,55,S A L L Y
581,video_83_141_signer.mp4,88,143,T H I R D S
582,video_82_120_signer.mp4,64,96,P A R T S
583,video_37_126_signer.mp4,34,52,S H E L L
584,video_17_9_signer.mp4,68,86,P O T S
585,13_11_2022_37_signer.mp4,149,173,C L A R K
586,video_79_154_signer.mp4,42,61,M O O N
587,video_40_118_signer.mp4,37,66,S E E D S
588,16_10_2022_0_signer.mp4,101,147,V I C N S W
589,16_10_2022_73_signer.mp4,35,56,T A S
590,video_85_58_signer.mp4,0,99,R E C Y C L E
591,13_11_2022_95_signer.mp4,138,152,L A W
592,video_49_38_signer.mp4,78,103,J A C K E T
593,13_11_2022_5_signer.mp4,1,48,B I L L I E   J E A N
594,30_10_2022_168_signer.mp4,106,121,T A S
595,4_12_2022_25_signer.mp4,210,230,M E S S I
596,4_12_2022_118_signer.mp4,60,78,U K
597,video_50_35_signer.mp4,3,31,V E G
598,video_87_98_signer.mp4,7,26,S A L L Y
599,video_33_26_signer.mp4,16,35,W O O L
600,video_87_121_signer.mp4,231,283,M I N U T E
601,13_11_2022_171_signer.mp4,1,16,S A
602,24_7_2022_79_signer.mp4,33,80,K T E W R D N
603,video_43_46_signer.mp4,65,117,R E C Y C L E
604,video_37_27_signer.mp4,39,54,E G G
605,video_67_181_signer.mp4,89,108,M A P
606,video_64_3_signer.mp4,28,55,S A L L Y
607,video_58_107_signer.mp4,42,68,P O T
608,4_12_2022_67_signer.mp4,41,51,A S
609,video_55_118_signer.mp4,31,72,X R A Y
610,video_30_10_signer.mp4,69,117,T R E A S U R E
611,video_28_66_signer.mp4,26,62,M A S T
612,30_10_2022_47_signer.mp4,172,193,G A S
613,video_37_102_signer.mp4,66,112,S A V O U R Y
614,video_14_3_signer.mp4,19,63,S A L L Y
615,video_84_95_signer.mp4,17,31,C O D E
616,video_69_66_signer.mp4,60,100,C R E A M
617,13_11_2022_157_signer.mp4,32,73,F L O R E N C E
618,video_64_180_signer.mp4,95,111,U S E
619,24_7_2022_4_signer.mp4,17,50,A B C   N E W S
620,video_85_21_signer.mp4,59,86,B I N
621,video_75_185_signer.mp4,61,98,L A U N C H
622,video_22_125_signer.mp4,37,63,P O
623,video_21_132_signer.mp4,65,98,W H E A T
624,video_56_9_signer.mp4,98,138,P A N C A K E
625,video_52_57_signer.mp4,24,59,T A R
626,4_12_2022_59_signer.mp4,497,522,C O M P O
627,video_76_57_signer.mp4,90,123,G L A S S
628,video_30_44_signer.mp4,70,95,T R E A S U R E
629,video_5_118_signer.mp4,174,207,S E E D
630,video_29_170_signer.mp4,74,107,C O I L
631,video_42_52_signer.mp4,39,60,M E N U
632,video_52_3_signer.mp4,40,77,S A L L Y
633,video_37_22_signer.mp4,24,49,E G G
634,video_42_84_signer.mp4,5,21,E G G
635,video_30_112_signer.mp4,56,67,D O
636,video_79_96_signer.mp4,107,138,M O O N
637,video_88_189_signer.mp4,54,95,S C H O O L
638,video_42_21_signer.mp4,1,15,E G G
639,video_72_94_signer.mp4,26,52,O D D
640,13_11_2022_41_signer.mp4,22,56,S E N A T E
641,video_20_77_signer.mp4,76,98,D O G S
642,video_37_18_signer.mp4,1,31,O M E L E T T E
643,video_72_38_signer.mp4,104,127,S O O N
644,video_85_89_signer.mp4,249,260,U S E
645,video_87_180_signer.mp4,19,30,M I N
646,video_64_185_signer.mp4,126,152,T O O L
647,video_85_94_signer.mp4,0,53,R E C Y C L E
648,video_63_30_signer.mp4,20,40,F O L D
649,video_85_72_signer.mp4,101,116,U S E
650,16_10_2022_141_signer.mp4,161,172,L A W
651,video_66_47_signer.mp4,63,92,M I R R O R
652,video_28_3_signer.mp4,37,72,S A L L Y
653,video_78_176_signer.mp4,115,135,P O
654,video_75_183_signer.mp4,38,50,D O
655,video_17_122_signer.mp4,93,99,D O
656,video_41_40_signer.mp4,98,144,S P H E R E
657,video_4_88_signer.mp4,3,53,S P O N G E
658,video_72_150_signer.mp4,15,36,A R T
659,video_86_154_signer.mp4,43,102,L I Q U I D
660,video_78_150_signer.mp4,59,82,S U M I
661,video_65_14_signer.mp4,6,28,W E E D
662,video_73_114_signer.mp4,0,25,R O C K
663,video_83_168_signer.mp4,10,72,W H O L E
664,13_11_2022_7_signer.mp4,1,13,N E W S
665,24_7_2022_55_signer.mp4,187,201,M E D I A
666,video_87_34_signer.mp4,28,41,M I N
667,13_11_2022_55_signer.mp4,83,105,B I D E N
668,video_69_139_signer.mp4,39,70,B U T T E R
669,video_67_22_signer.mp4,27,49,W E E D
670,24_7_2022_126_signer.mp4,164,177,P O R N
671,video_72_166_signer.mp4,201,222,E V E N
672,video_22_63_signer.mp4,76,116,S C R I B E
673,video_26_3_signer.mp4,36,74,S A L L Y
674,30_10_2022_7_signer.mp4,49,81,S E O U L
675,video_55_110_signer.mp4,6,14,D R
676,video_86_162_signer.mp4,17,40,C U P
677,4_12_2022_204_signer.mp4,100,130,J O S H
678,video_67_101_signer.mp4,47,92,M O D E L
679,video_59_99_signer.mp4,15,42,C R A F T
680,video_53_92_signer.mp4,104,118,W O O D
681,video_61_93_signer.mp4,87,102,O F
682,video_41_175_signer.mp4,69,78,U S E
683,24_7_2022_47_signer.mp4,18,87,J I M   C H A L M E R S
684,video_80_60_signer.mp4,42,68,E G G
685,video_56_44_signer.mp4,41,73,P A N C A K E
686,video_74_31_signer.mp4,124,146,R O P E
687,30_10_2022_52_signer.mp4,37,59,G A S
688,video_70_66_signer.mp4,13,53,P L U M B E R
689,video_38_51_signer.mp4,26,42,D O
690,video_37_92_signer.mp4,39,75,R A N G E
691,video_61_165_signer.mp4,44,54,O F
692,16_10_2022_51_signer.mp4,125,145,V I C
693,30_10_2022_131_signer.mp4,305,349,C R I M E A
694,4_12_2022_169_signer.mp4,1,18,N S W
695,video_86_147_signer.mp4,72,84,O I L
696,video_75_1_signer.mp4,26,54,S A L L Y
697,24_7_2022_104_signer.mp4,98,134,O D E S A
698,13_11_2022_152_signer.mp4,224,290,I T O M L J A N O V I C
699,13_11_2022_93_signer.mp4,86,149,C L A R E   O N E I L
700,video_76_58_signer.mp4,21,49,G L A S S
701,video_84_96_signer.mp4,26,45,M A P
702,4_12_2022_168_signer.mp4,4,28,Q Q
703,4_12_2022_4_signer.mp4,121,172,M I R I A M   C O R O W A
704,4_12_2022_202_signer.mp4,243,278,F I F A
705,video_11_3_signer.mp4,18,61,S A L L Y
706,video_70_94_signer.mp4,60,75,N Z
707,16_10_2022_24_signer.mp4,1,65,M I T C H E L L
708,video_88_198_signer.mp4,4,42,S A L L Y
709,video_20_62_signer.mp4,9,40,B E D
710,24_7_2022_90_signer.mp4,140,158,P O X
711,video_58_57_signer.mp4,48,78,P A T T E R N
712,video_86_64_signer.mp4,18,32,I C E
713,video_26_101_signer.mp4,38,65,J A Y
714,video_55_114_signer.mp4,75,87,D R
715,video_16_132_signer.mp4,107,166,T A B L E S P O O N
716,24_7_2022_34_signer.mp4,277,321,T O N Y   A B B O T T
717,30_10_2022_104_signer.mp4,308,323,G G
718,video_66_142_signer.mp4,37,57,P O S S
719,video_30_56_signer.mp4,123,140,B E A C H
720,13_11_2022_9_signer.mp4,157,210,X I   J I N P I N G
721,video_22_114_signer.mp4,252,310,R E G A R D S
722,video_68_99_signer.mp4,56,90,E N G I N E
723,video_48_1_signer.mp4,12,49,S A L L Y
724,13_11_2022_2_signer.mp4,15,32,R E P
725,video_85_26_signer.mp4,75,116,C O M P O S T
726,30_10_2022_2_signer.mp4,103,133,S O M A L I A
727,24_7_2022_164_signer.mp4,1,20,C O R A L
728,video_88_105_signer.mp4,12,40,S
729,video_22_135_signer.mp4,8,31,P O
730,13_11_2022_120_signer.mp4,90,114,F A A
731,video_4_63_signer.mp4,135,165,C L O T H
732,13_11_2022_19_signer.mp4,62,85,A P E C
733,video_30_90_signer.mp4,36,54,C L U E
734,video_19_144_signer.mp4,42,79,C H A R T
735,video_88_104_signer.mp4,41,54,P
736,video_52_107_signer.mp4,13,34,J A W
737,video_58_158_signer.mp4,102,146,P A T T E R N
738,4_12_2022_47_signer.mp4,77,83,T O O
739,video_67_97_signer.mp4,100,128,Y A R D
740,13_11_2022_185_signer.mp4,45,68,L U K E
741,16_10_2022_84_signer.mp4,330,345,R I O T
742,4_12_2022_88_signer.mp4,13,26,S T
743,24_7_2022_197_signer.mp4,1,29,D E C A T H L O N
744,video_41_114_signer.mp4,68,99,B
745,13_11_2022_41_signer.mp4,104,129,C A M I L A
746,4_12_2022_61_signer.mp4,18,34,C O A L
747,video_52_47_signer.mp4,40,70,R O A D
748,4_12_2022_56_signer.mp4,199,214,C O A L
749,video_30_119_signer.mp4,6,18,M A P
750,video_67_191_signer.mp4,109,136,C O M P O S T
751,video_42_20_signer.mp4,24,49,J A M
752,video_67_176_signer.mp4,118,139,M A P
753,video_70_74_signer.mp4,71,106,S C R A P S
754,24_7_2022_151_signer.mp4,1,15,S T A R
755,video_28_63_signer.mp4,0,24,H U L L
756,video_29_185_signer.mp4,30,50,S C O R E
757,24_7_2022_36_signer.mp4,49,66,L A B
758,video_28_122_signer.mp4,108,137,V A N E
759,video_76_73_signer.mp4,30,60,L I G H T
760,video_69_129_signer.mp4,27,55,C R E A M
761,video_88_127_signer.mp4,1,128,P O S S U M
762,video_7_3_signer.mp4,20,61,S A L L Y
763,video_77_169_signer.mp4,138,164,T A L L Y
764,video_16_128_signer.mp4,124,157,M L
765,4_12_2022_202_signer.mp4,92,121,F I F A
766,13_11_2022_189_signer.mp4,299,310,P C
767,video_84_3_signer.mp4,24,52,S A L L Y
768,video_29_189_signer.mp4,34,70,G L U E
769,video_40_3_signer.mp4,37,76,S A L L Y
770,16_10_2022_84_signer.mp4,103,117,T A N
771,video_16_130_signer.mp4,82,110,O I L
772,13_11_2022_184_signer.mp4,15,68,M O V E M B E R
773,video_5_3_signer.mp4,18,61,S A L L Y
774,video_84_125_signer.mp4,5,25,K
775,video_10_73_signer.mp4,138,153,D I P
776,30_10_2022_54_signer.mp4,18,43,T A X
777,video_85_3_signer.mp4,27,56,S A L L Y
778,13_11_2022_175_signer.mp4,83,119,T A N A M I
779,video_86_153_signer.mp4,21,38,O I L
780,13_11_2022_24_signer.mp4,344,373,T R U M P
781,16_10_2022_129_signer.mp4,540,574,C O M A
782,video_16_123_signer.mp4,73,134,T E A S P O O N
783,video_85_12_signer.mp4,23,56,W E E D S
784,13_11_2022_77_signer.mp4,69,85,S A
785,video_33_154_signer.mp4,48,81,W O O L
786,video_27_79_signer.mp4,63,104,G R A V I T Y
787,video_88_122_signer.mp4,27,96,S A L L Y
788,24_7_2022_193_signer.mp4,1,71,B U S C H K U E H L
789,4_12_2022_82_signer.mp4,110,174,J O H N S O N
790,video_55_112_signer.mp4,79,96,D R
791,video_85_55_signer.mp4,2,45,R E C Y C L E
792,16_10_2022_76_signer.mp4,204,222,T A S
793,video_79_112_signer.mp4,47,62,M O O N
794,video_65_123_signer.mp4,87,120,B A L L S
795,video_17_127_signer.mp4,38,52,P O T
796,13_11_2022_57_signer.mp4,381,408,B I D E N
797,video_87_63_signer.mp4,16,32,S E C
798,video_56_12_signer.mp4,2,47,P A N C A K E
799,4_12_2022_58_signer.mp4,336,344,G G
800,video_87_62_signer.mp4,154,180,S E C
801,30_10_2022_105_signer.mp4,236,249,G G
802,24_7_2022_106_signer.mp4,26,57,R A I N S
803,video_85_73_signer.mp4,13,25,E G G
804,24_7_2022_223_signer.mp4,143,160,T O O
805,24_7_2022_97_signer.mp4,35,54,D R
806,video_85_15_signer.mp4,0,17,W E E D
807,video_37_118_signer.mp4,43,75,C A P S I C U M
808,4_12_2022_68_signer.mp4,236,245,G G
809,video_64_104_signer.mp4,4,57,L E G
810,4_12_2022_55_signer.mp4,345,356,P C F
811,video_85_122_signer.mp4,0,42,C A R D B O A R D
812,30_10_2022_47_signer.mp4,73,94,G G
813,24_7_2022_182_signer.mp4,104,119,D R
814,video_86_68_signer.mp4,49,77,M E L T
815,video_12_57_signer.mp4,44,95,S E K O U
816,video_22_82_signer.mp4,61,105,G R E E T I N G
817,13_11_2022_17_signer.mp4,276,305,B I D E N
818,video_85_164_signer.mp4,105,131,V E G
819,video_22_114_signer.mp4,224,250,B E S T
820,video_75_133_signer.mp4,149,177,T A M E
821,video_83_14_signer.mp4,24,55,P I E
822,video_88_149_signer.mp4,12,46,P
823,video_79_98_signer.mp4,95,117,M O O N
824,video_85_38_signer.mp4,172,199,S O I L
825,video_13_34_signer.mp4,131,153,V E G
826,video_47_162_signer.mp4,30,65,A R T
827,13_11_2022_57_signer.mp4,230,237,I F
828,13_11_2022_126_signer.mp4,281,291,A C
829,video_48_35_signer.mp4,23,72,C R O S S I N G
830,video_16_131_signer.mp4,49,112,T A B L E S P O O N
831,video_85_26_signer.mp4,30,53,W E E D
832,13_11_2022_68_signer.mp4,136,149,R E P
833,4_12_2022_63_signer.mp4,163,171,G G
834,13_11_2022_184_signer.mp4,249,253,M
835,30_10_2022_75_signer.mp4,154,163,C E O
836,video_88_175_signer.mp4,6,30,U
837,video_33_51_signer.mp4,43,74,W O O L
838,24_7_2022_107_signer.mp4,106,130,O D E S A
839,video_29_136_signer.mp4,44,69,P O T
840,video_73_58_signer.mp4,27,40,O R
841,video_72_38_signer.mp4,76,103,W E L L
842,video_30_74_signer.mp4,102,130,M A P
843,video_73_30_signer.mp4,144,172,G A L L E Y
844,video_68_138_signer.mp4,194,217,P O W E R
845,video_33_22_signer.mp4,86,108,W O O L
846,video_19_52_signer.mp4,20,33,T V
847,30_10_2022_111_signer.mp4,100,145,B A I D O A
848,16_10_2022_123_signer.mp4,151,191,P A R K O U R
849,video_29_177_signer.mp4,25,37,P O T
850,video_84_126_signer.mp4,67,101,S H E D
851,16_10_2022_140_signer.mp4,133,162,N S W
852,video_88_86_signer.mp4,107,151,L E T T E R S
853,video_52_51_signer.mp4,34,70,R O A D
854,video_40_129_signer.mp4,34,56,O L I V E
855,4_12_2022_46_signer.mp4,69,89,M E S S I
856,video_68_74_signer.mp4,47,86,P O W E R
857,24_7_2022_141_signer.mp4,171,183,N T
858,video_21_3_signer.mp4,28,67,S A L L Y
859,video_14_55_signer.mp4,27,55,R E C I P E
860,4_12_2022_193_signer.mp4,291,320,F I F A
861,video_40_30_signer.mp4,19,47,T O O L
862,4_12_2022_198_signer.mp4,226,250,F A N S
863,video_80_2_signer.mp4,26,53,S A L L Y
864,video_47_32_signer.mp4,36,50,R O P E
865,4_12_2022_124_signer.mp4,217,237,B A R R E L
866,video_20_3_signer.mp4,36,73,S A L L Y
867,4_12_2022_177_signer.mp4,19,39,W A
868,4_12_2022_34_signer.mp4,127,144,C U P
869,13_11_2022_56_signer.mp4,107,115,R E P
870,30_10_2022_73_signer.mp4,176,194,G A S
871,4_12_2022_123_signer.mp4,75,89,U K
872,13_11_2022_24_signer.mp4,266,315,A D A M   L A X A L T
873,video_81_142_signer.mp4,42,84,L I T T E R F R E E
874,video_21_31_signer.mp4,45,65,K G
875,16_10_2022_51_signer.mp4,219,256,E C H U A
876,30_10_2022_176_signer.mp4,12,37,C A L D
877,video_18_150_signer.mp4,83,138,R A I N B O W
878,video_45_107_signer.mp4,4,13,I F
879,video_80_189_signer.mp4,144,154,E G G
880,video_69_144_signer.mp4,96,115,M I L K
881,video_46_114_signer.mp4,27,48,P E A S
882,video_74_183_signer.mp4,0,43,P U S H
883,video_74_132_signer.mp4,96,118,P U L L
884,30_10_2022_5_signer.mp4,28,66,M E R E D I T H
885,16_10_2022_77_signer.mp4,67,89,T I D E
886,video_5_105_signer.mp4,100,118,W O O L
887,4_12_2022_2_signer.mp4,79,145,J O H N S O N
888,video_5_105_signer.mp4,14,24,D O
889,video_79_151_signer.mp4,137,196,C R E S C E N T
890,video_38_19_signer.mp4,57,79,D O
891,16_10_2022_81_signer.mp4,21,34,S A Y
892,video_84_90_signer.mp4,120,131,C O D E
893,video_68_106_signer.mp4,85,107,S T E A M
894,video_39_3_signer.mp4,35,72,S A L L Y
895,video_27_3_signer.mp4,33,70,S A L L Y
896,video_30_81_signer.mp4,17,38,C L U E
897,13_11_2022_6_signer.mp4,20,35,A B C
898,13_11_2022_169_signer.mp4,13,26,T A S
899,video_59_76_signer.mp4,64,98,N E C T A R
900,24_7_2022_225_signer.mp4,86,94,I F
901,13_11_2022_73_signer.mp4,1,11,B O M
902,video_67_195_signer.mp4,221,236,M A P
903,video_47_123_signer.mp4,20,38,C A R R O T
904,video_29_139_signer.mp4,10,37,R O O T
905,video_30_151_signer.mp4,29,68,C L U E
906,video_85_117_signer.mp4,69,96,R E C Y C L E
907,video_73_150_signer.mp4,2,28,C R O W S
908,video_80_10_signer.mp4,20,52,F R U I T
909,video_17_67_signer.mp4,67,88,C A R D S
910,16_10_2022_105_signer.mp4,251,265,S E C U R I T Y
911,video_77_155_signer.mp4,19,46,T O O L S
912,video_60_3_signer.mp4,40,77,S A L L Y
913,30_10_2022_139_signer.mp4,1,21,D N A
914,video_62_127_signer.mp4,12,59,A N G L E
915,video_55_107_signer.mp4,35,47,D R
916,13_11_2022_35_signer.mp4,49,75,C O R T E Z
917,video_86_120_signer.mp4,9,23,O I L
918,video_63_142_signer.mp4,53,91,M A S U
919,13_11_2022_139_signer.mp4,58,72,M F
920,video_58_102_signer.mp4,26,59,P A T T E R N
921,video_74_95_signer.mp4,17,47,P U S H
922,video_16_148_signer.mp4,40,57,Y E A S T
923,video_65_32_signer.mp4,17,39,T O O L S
924,video_23_9_signer.mp4,136,162,D A T E S
925,video_88_173_signer.mp4,9,21,O
926,video_58_22_signer.mp4,51,68,E A S E L
927,4_12_2022_58_signer.mp4,158,166,A S
928,video_37_16_signer.mp4,8,48,E G G
929,4_12_2022_75_signer.mp4,60,98,P R A K A S H
930,video_65_109_signer.mp4,20,62,R E C I P E
931,video_40_95_signer.mp4,10,31,S E E D
932,24_7_2022_203_signer.mp4,20,34,A B C
933,video_64_103_signer.mp4,30,55,L E G
934,4_12_2022_69_signer.mp4,254,264,F R
935,video_84_59_signer.mp4,42,54,S
936,13_11_2022_138_signer.mp4,117,139,M F
937,video_11_32_signer.mp4,65,85,B O O T
938,4_12_2022_55_signer.mp4,109,119,G G
939,video_62_143_signer.mp4,38,88,A N G L E
940,video_67_176_signer.mp4,90,112,M O D E L
941,24_7_2022_37_signer.mp4,1,46,T O N Y   B U R K E
942,video_73_10_signer.mp4,55,87,M U F F I N
943,video_29_170_signer.mp4,44,73,C L A Y
944,video_49_38_signer.mp4,50,77,L I F E
945,24_7_2022_209_signer.mp4,193,221,W V I
946,24_7_2022_184_signer.mp4,85,98,D R
947,16_10_2022_15_signer.mp4,87,100,M B Y
948,video_72_158_signer.mp4,7,52,P O S S U M
949,24_7_2022_223_signer.mp4,76,117,M I L E S P H
950,30_10_2022_72_signer.mp4,180,201,A B C
951,video_18_112_signer.mp4,0,28,O R A N G E
952,video_30_50_signer.mp4,112,131,C L U E
953,30_10_2022_169_signer.mp4,47,70,N E W S
954,13_11_2022_185_signer.mp4,2,34,T R A V I S
955,video_89_47_signer.mp4,28,60,T R I G G E R
956,30_10_2022_126_signer.mp4,18,35,I F
957,video_75_54_signer.mp4,20,26,I S
958,video_65_122_signer.mp4,15,52,R E C I P E
959,video_87_72_signer.mp4,28,51,S A L L Y
960,video_70_92_signer.mp4,78,96,C O I N
961,video_85_80_signer.mp4,20,80,R E U S E
962,video_59_134_signer.mp4,48,72,H E X A G O N
963,video_59_117_signer.mp4,13,73,H E X A G O N
964,16_10_2022_42_signer.mp4,75,163,M O O R O O P N A
965,video_87_18_signer.mp4,32,46,H R
966,4_12_2022_65_signer.mp4,56,73,W D
967,video_2_100_signer.mp4,90,123,C O N E S
968,video_80_107_signer.mp4,11,31,E G G
969,30_10_2022_173_signer.mp4,2,56,D L   R O Y A L
970,video_64_49_signer.mp4,22,43,T O O L
971,13_11_2022_190_signer.mp4,1,57,S U I C I D E
972,video_84_41_signer.mp4,56,80,C O D E
973,video_2_91_signer.mp4,51,101,A P R I C O T S
974,4_12_2022_131_signer.mp4,46,56,G G
975,13_11_2022_41_signer.mp4,226,246,R E P
976,video_76_177_signer.mp4,1,44,U S E
977,30_10_2022_69_signer.mp4,1,18,S O A R
978,video_54_0_signer.mp4,39,77,S A L L Y
979,video_80_123_signer.mp4,9,44,C A B B A G E
980,video_4_97_signer.mp4,60,87,C O R A L
981,video_49_88_signer.mp4,18,48,F L O A T
982,video_30_107_signer.mp4,1,19,C L U E
983,4_12_2022_36_signer.mp4,114,150,F E D   S Q
984,video_84_39_signer.mp4,20,65,C O D E S
985,13_11_2022_44_signer.mp4,123,159,T R U M P
986,video_78_59_signer.mp4,0,37,J A P A N
987,video_65_148_signer.mp4,6,58,T A B L E S P O O N
988,video_39_62_signer.mp4,53,94,W O O D
989,24_7_2022_31_signer.mp4,175,218,E U R E K A
990,4_12_2022_116_signer.mp4,62,72,O I L
991,4_12_2022_128_signer.mp4,62,80,I R A N
992,video_59_78_signer.mp4,27,60,N E C T A R
993,13_11_2022_59_signer.mp4,118,133,L A W
994,30_10_2022_166_signer.mp4,287,294,N I
995,video_48_99_signer.mp4,39,61,J A Y
996,13_11_2022_8_signer.mp4,170,221,A L B A N E S E
997,video_62_76_signer.mp4,22,55,P O S S U M
998,video_16_3_signer.mp4,36,72,S A L L Y
999,video_80_121_signer.mp4,7,30,V E G
1000,24_7_2022_168_signer.mp4,223,241,W A
1001,video_49_30_signer.mp4,0,46,K A Y A K
1002,video_60_139_signer.mp4,150,169,M U D
1003,30_10_2022_174_signer.mp4,182,222,C A L D
1004,video_30_39_signer.mp4,32,52,W O O D
1005,video_37_102_signer.mp4,113,139,O M E L E T T E
1006,4_12_2022_69_signer.mp4,133,158,A N Z A C
1007,13_11_2022_111_signer.mp4,40,65,B I D E N
1008,4_12_2022_53_signer.mp4,100,118,M E S S I
1009,video_62_114_signer.mp4,92,107,T A N K
1010,video_64_141_signer.mp4,187,206,U S E
1011,video_23_35_signer.mp4,49,60,I F
1012,video_29_82_signer.mp4,63,85,S O I L
1013,video_26_69_signer.mp4,50,67,J A Y
1014,video_86_74_signer.mp4,5,24,I C E
1015,video_74_53_signer.mp4,88,116,P U S H
1016,video_29_95_signer.mp4,19,38,G U T T E R
1017,30_10_2022_130_signer.mp4,139,160,I V I E W
1018,video_88_133_signer.mp4,0,85,T E A C H E R
1019,4_12_2022_55_signer.mp4,440,457,G A S
1020,video_65_155_signer.mp4,66,106,U N T I L L
1021,video_90_64_signer.mp4,24,51,S H E D
1022,video_15_3_signer.mp4,18,62,S A L L Y
1023,video_86_63_signer.mp4,0,11,I C E
1024,4_12_2022_65_signer.mp4,245,256,G G
1025,video_13_99_signer.mp4,97,126,K I T E
1026,video_2_39_signer.mp4,56,76,S E A
1027,video_64_69_signer.mp4,96,122,T O O L
1028,13_11_2022_107_signer.mp4,49,84,R I M E I A
1029,video_50_1_signer.mp4,6,43,S A L L Y
1030,video_86_91_signer.mp4,21,40,I C E
1031,video_84_40_signer.mp4,2,45,C O D E S
1032,30_10_2022_84_signer.mp4,62,73,V I C
1033,video_64_144_signer.mp4,40,77,H I T T I N G
1034,video_64_188_signer.mp4,41,71,S H E D
1035,24_7_2022_179_signer.mp4,96,106,D R
1036,video_88_171_signer.mp4,3,15,M
1037,video_66_152_signer.mp4,6,58,M I R R O R
1038,video_85_14_signer.mp4,18,33,S O I L
1039,video_68_138_signer.mp4,48,70,P O W E R
1040,video_86_39_signer.mp4,77,90,I C E
1041,video_37_103_signer.mp4,17,76,S A V O U R Y
1042,30_10_2022_86_signer.mp4,24,45,K I N G
1043,4_12_2022_187_signer.mp4,50,100,Q A T A R
1044,video_15_52_signer.mp4,117,167,C O U R S E
1045,video_87_18_signer.mp4,107,137,M I N
1046,video_83_89_signer.mp4,61,72,P I E
1047,4_12_2022_132_signer.mp4,188,221,N U C L E A R
1048,video_65_184_signer.mp4,53,69,N E S T
1049,video_75_146_signer.mp4,166,184,D I G
1050,video_24_14_signer.mp4,36,53,E G G
1051,video_21_31_signer.mp4,68,95,F L O U R
1052,13_11_2022_186_signer.mp4,90,104,M M
1053,video_83_129_signer.mp4,36,52,P I E
1054,video_87_62_signer.mp4,53,93,S E C O N D
1055,video_68_105_signer.mp4,43,82,B O I L E R
1056,video_78_73_signer.mp4,127,139,S E A
1057,video_71_3_signer.mp4,27,55,S A L L Y
1058,video_26_10_signer.mp4,22,36,E N D
1059,video_49_3_signer.mp4,40,77,S A L L Y
1060,video_73_25_signer.mp4,38,69,G A L L E Y
1061,video_4_83_signer.mp4,31,61,C O R A L
1062,video_9_3_signer.mp4,17,61,S A L L Y
1063,24_7_2022_146_signer.mp4,19,35,N T
1064,video_16_147_signer.mp4,15,53,R E S T
1065,13_11_2022_33_signer.mp4,107,136,M I L L E R
1066,video_59_59_signer.mp4,19,39,J A M
1067,video_5_105_signer.mp4,68,98,C O T T O N
1068,video_87_24_signer.mp4,43,66,M I N
1069,video_3_67_signer.mp4,46,71,D R Y
1070,video_40_125_signer.mp4,4,29,S E E D
1071,video_84_77_signer.mp4,114,137,B
1072,video_40_137_signer.mp4,168,190,R A W
1073,video_74_132_signer.mp4,119,140,P U S H
1074,video_30_80_signer.mp4,30,47,M A P
1075,video_62_3_signer.mp4,28,55,S A L L Y
1076,video_16_12_signer.mp4,38,60,D O U G H
1077,video_24_18_signer.mp4,114,128,E G G
1078,video_30_133_signer.mp4,3,56,T R E A S U R E
1079,video_74_93_signer.mp4,0,32,G R A V I T Y
1080,4_12_2022_164_signer.mp4,5,26,W I
1081,video_78_160_signer.mp4,4,26,S U M I
1082,video_72_104_signer.mp4,11,43,E V E N
1083,video_79_72_signer.mp4,111,145,D U S T
1084,video_59_96_signer.mp4,49,78,H E X A G O N
1085,30_10_2022_132_signer.mp4,46,62,G R I N
1086,video_73_114_signer.mp4,26,50,S W A Y
1087,video_87_182_signer.mp4,48,74,S E C
1088,video_60_40_signer.mp4,39,68,T O Y S
1089,30_10_2022_60_signer.mp4,278,294,G A S
1090,video_17_56_signer.mp4,137,157,S N A P
1091,video_72_108_signer.mp4,7,37,O D D
1092,13_11_2022_198_signer.mp4,1,9,I F
1093,video_74_80_signer.mp4,54,76,E G G
1094,video_64_115_signer.mp4,71,97,B A R
1095,video_32_53_signer.mp4,80,125,F R E E
1096,video_47_28_signer.mp4,2,15,R O P E
1097,video_64_53_signer.mp4,52,65,T O O L
1098,video_21_133_signer.mp4,26,99,T A B L E S P O O N
1099,video_7_20_signer.mp4,1,27,K E B A B
1100,video_5_96_signer.mp4,17,30,D O
1101,13_11_2022_192_signer.mp4,158,186,S U I C I D E
1102,13_11_2022_1_signer.mp4,134,175,S E N A T E
1103,video_89_88_signer.mp4,27,35,D O
1104,video_86_97_signer.mp4,15,71,H O T S C O T C H
1105,video_74_189_signer.mp4,24,61,P U S H
1106,video_10_37_signer.mp4,62,97,G L U E
1107,13_11_2022_112_signer.mp4,1,29,B I D E N
1108,video_64_205_signer.mp4,18,41,T O O L
1109,video_82_3_signer.mp4,27,56,S A L L Y
1110,video_33_46_signer.mp4,39,60,W O O L
1111,4_12_2022_169_signer.mp4,27,44,A C T
1112,video_29_80_signer.mp4,51,68,R O O T
1113,video_75_166_signer.mp4,65,108,D I G
1114,24_7_2022_34_signer.mp4,189,218,G I L L A R D
1115,video_86_152_signer.mp4,171,210,I C E
1116,13_11_2022_143_signer.mp4,65,88,I F
1117,video_28_87_signer.mp4,96,146,S A I L O R
1118,24_7_2022_5_signer.mp4,5,68,M I R I A M   C O R O W A
1119,4_12_2022_58_signer.mp4,16,35,N S W
1120,video_61_46_signer.mp4,52,64,M U D
1121,video_72_92_signer.mp4,60,105,F L O R I S T
1122,video_29_92_signer.mp4,52,69,T A N K
1123,video_4_42_signer.mp4,52,89,R E E F
1124,video_63_142_signer.mp4,23,32,T O
1125,video_42_83_signer.mp4,13,41,E G G
1126,video_56_14_signer.mp4,81,121,P A N C A K E
1127,16_10_2022_18_signer.mp4,139,205,C H A R L T O N
1128,16_10_2022_121_signer.mp4,93,112,N S W
1129,video_12_68_signer.mp4,38,83,P O C K E T
1130,video_85_37_signer.mp4,54,68,A I R
1131,video_5_98_signer.mp4,3,21,E G G
1132,video_44_155_signer.mp4,67,98,B A S E
1133,video_78_163_signer.mp4,108,146,M A R B L I N G
1134,video_29_50_signer.mp4,30,61,L E T T U C E
1135,video_34_94_signer.mp4,35,70,S L I N K Y
1136,video_45_47_signer.mp4,28,56,R O P E
1137,video_33_90_signer.mp4,7,47,P O M P O M
1138,video_79_153_signer.mp4,106,139,M O O N
1139,video_73_20_signer.mp4,24,51,G A L L E Y
1140,30_10_2022_59_signer.mp4,2,11,P M
1141,video_69_80_signer.mp4,51,65,C R E A M
1142,video_19_87_signer.mp4,51,68,P A S T E
1143,24_7_2022_163_signer.mp4,80,89,I F
1144,video_78_64_signer.mp4,19,35,S E A
1145,video_16_141_signer.mp4,116,152,D O U G H
1146,video_42_113_signer.mp4,30,70,M E N U
1147,30_10_2022_136_signer.mp4,1,15,H S
1148,13_11_2022_152_signer.mp4,105,123,W A T S O N
1149,video_70_3_signer.mp4,26,55,S A L L Y
1150,video_88_164_signer.mp4,104,113,S
1151,video_12_75_signer.mp4,218,244,T U N A
1152,video_1_3_signer.mp4,19,62,S A L L Y
1153,4_12_2022_90_signer.mp4,125,149,S H I N E
1154,13_11_2022_68_signer.mp4,98,103,I F
1155,video_26_129_signer.mp4,6,16,J A Y
1156,video_4_22_signer.mp4,13,27,F U R
1157,video_82_112_signer.mp4,0,16,W O O D
1158,video_24_142_signer.mp4,90,110,D O
1159,video_61_165_signer.mp4,19,43,P L A S T E R
1160,video_37_145_signer.mp4,22,44,F I L L I N G
1161,video_85_96_signer.mp4,93,104,U S E
1162,24_7_2022_27_signer.mp4,106,187,C O M M I S S I O N
1163,4_12_2022_34_signer.mp4,294,317,M E S S I
1164,13_11_2022_31_signer.mp4,228,260,T R U M P
1165,13_11_2022_68_signer.mp4,220,238,R E P
1166,13_11_2022_62_signer.mp4,1,27,T R U M P
1167,video_79_153_signer.mp4,84,105,N E W
1168,16_10_2022_12_signer.mp4,117,163,G O U L B U R N
1169,video_79_3_signer.mp4,27,55,S A L L Y
1170,video_37_105_signer.mp4,38,62,S A V O U R Y
1171,video_68_3_signer.mp4,27,55,S A L L Y
1172,13_11_2022_166_signer.mp4,3,16,V I C
1173,video_60_118_signer.mp4,119,139,M U D
1174,video_40_106_signer.mp4,63,98,S E E D
1175,video_14_75_signer.mp4,60,77,S T O V E
1176,13_11_2022_11_signer.mp4,65,83,P M
1177,video_24_46_signer.mp4,188,200,S T E A M
1178,24_7_2022_189_signer.mp4,125,147,W A
1179,video_84_140_signer.mp4,5,33,T
1180,video_26_56_signer.mp4,34,48,J A Y
1181,video_43_69_signer.mp4,41,49,D O
1182,video_76_130_signer.mp4,51,89,M I C R O S C O P E
1183,video_64_185_signer.mp4,98,113,U S E
1184,video_63_109_signer.mp4,7,53,O R I G A M I
1185,video_84_49_signer.mp4,39,62,C O D E
1186,4_12_2022_160_signer.mp4,241,290,H A Y D E N
1187,video_82_31_signer.mp4,23,50,C O G
1188,4_12_2022_79_signer.mp4,202,259,K A N E   M I N I O N
1189,4_12_2022_1_signer.mp4,199,214,C O A L
1190,video_81_39_signer.mp4,100,128,E N E R G Y
1191,video_38_45_signer.mp4,6,31,G L U E
1192,13_11_2022_150_signer.mp4,162,177,C U P
1193,30_10_2022_190_signer.mp4,183,193,F F
1194,video_90_128_signer.mp4,160,171,S A L L Y
1195,video_62_126_signer.mp4,121,164,P L A N K
1196,video_67_191_signer.mp4,50,69,W E E D
1197,video_18_83_signer.mp4,27,81,P R I M A R Y
1198,13_11_2022_96_signer.mp4,31,76,M E D I B A N K
1199,13_11_2022_53_signer.mp4,4,27,B I D E N
1200,16_10_2022_56_signer.mp4,286,310,S A N D
1201,30_10_2022_109_signer.mp4,133,149,U N
1202,30_10_2022_79_signer.mp4,366,387,N S W
1203,video_15_123_signer.mp4,48,78,K N O T
1204,video_85_166_signer.mp4,42,92,R E C Y C L E
1205,video_83_3_signer.mp4,27,55,S A L L Y
1206,video_79_147_signer.mp4,42,62,M O O N
1207,video_53_3_signer.mp4,39,77,S A L L Y
1208,30_10_2022_192_signer.mp4,104,135,F R A U D
1209,video_73_127_signer.mp4,49,68,N E S T
1210,13_11_2022_153_signer.mp4,51,88,S T O S U R
1211,video_84_54_signer.mp4,26,52,T O O L S
1212,13_11_2022_187_signer.mp4,505,519,P C
1213,4_12_2022_197_signer.mp4,42,67,F A N S
1214,video_14_88_signer.mp4,1,48,H E R B S
1215,video_4_67_signer.mp4,158,192,B A R R I E R
1216,16_10_2022_129_signer.mp4,75,178,M A H S A   A M I N I
1217,video_85_147_signer.mp4,60,107,C A R D B O A R D
1218,30_10_2022_121_signer.mp4,6,24,D R
1219,13_11_2022_89_signer.mp4,19,28,U P
1220,30_10_2022_101_signer.mp4,1,19,K I L L E R
1221,4_12_2022_1_signer.mp4,35,44,G G
1222,video_82_107_signer.mp4,89,110,E G G
1223,video_37_27_signer.mp4,3,38,F R I E D
1224,video_59_3_signer.mp4,39,78,S A L L Y
1225,video_33_54_signer.mp4,62,80,W O O L
1226,13_11_2022_24_signer.mp4,1,32,S E N A T O R
1227,video_65_147_signer.mp4,36,60,S E E D S
1228,video_87_182_signer.mp4,18,36,M I N
1229,13_11_2022_101_signer.mp4,175,239,E T H I O P I A
1230,video_87_59_signer.mp4,44,63,M I N
1231,video_46_16_signer.mp4,85,106,S A L L Y
1232,4_12_2022_182_signer.mp4,29,45,S Y
1233,13_11_2022_154_signer.mp4,60,82,F I N A L
1234,24_7_2022_210_signer.mp4,133,148,U K
1235,video_60_123_signer.mp4,100,114,M U D
1236,video_90_148_signer.mp4,114,145,S H E D
1237,video_87_122_signer.mp4,31,72,H R S
1238,13_11_2022_60_signer.mp4,49,77,T R U M P
1239,video_67_179_signer.mp4,20,56,M O D E L
1240,video_69_3_signer.mp4,29,54,S A L L Y
1241,video_24_120_signer.mp4,54,65,U S E
1242,video_61_43_signer.mp4,12,36,M U D
1243,video_61_93_signer.mp4,50,86,P L A S T E R
1244,24_7_2022_61_signer.mp4,263,297,D V
1245,16_10_2022_138_signer.mp4,387,395,I F
1246,video_85_21_signer.mp4,19,58,C O M P O S T
1247,video_22_3_signer.mp4,35,73,S A L L Y
1248,13_11_2022_43_signer.mp4,207,241,G E O R G I A
1249,video_85_179_signer.mp4,32,43,R E U S E
1250,video_84_56_signer.mp4,63,74,C O D E
1251,video_70_168_signer.mp4,85,126,C O L L A G E
1252,video_54_118_signer.mp4,60,74,S A L L Y
1253,24_7_2022_30_signer.mp4,125,151,A B C C
1254,24_7_2022_31_signer.mp4,127,150,A B C C
1255,video_47_3_signer.mp4,40,77,S A L L Y
1256,video_21_140_signer.mp4,60,74,W H E A T
1257,video_28_148_signer.mp4,8,28,G L U E
1258,video_58_143_signer.mp4,2,39,C R A C K E R
1259,video_16_113_signer.mp4,8,44,R E C I P E
1260,video_24_73_signer.mp4,83,131,K E T T L E
1261,4_12_2022_147_signer.mp4,19,72,H A Y D E N
1262,4_12_2022_68_signer.mp4,42,62,C O A L
1263,video_21_138_signer.mp4,15,72,T A B L E S P O O N
1264,13_11_2022_71_signer.mp4,225,239,M M
1265,video_87_133_signer.mp4,39,77,H O U R S
1266,16_10_2022_66_signer.mp4,63,101,S A N D B A G S
1267,30_10_2022_74_signer.mp4,237,253,G A S
1268,13_11_2022_39_signer.mp4,133,164,S E N A T E
1269,video_37_90_signer.mp4,69,86,H E N S
1270,13_11_2022_65_signer.mp4,1,34,N E V A D A
1271,video_16_88_signer.mp4,84,107,C M
1272,video_88_68_signer.mp4,25,31,T O
1273,video_84_45_signer.mp4,176,214,S Y M B O L
1274,video_69_105_signer.mp4,31,52,C R E A M
1275,16_10_2022_143_signer.mp4,361,372,L A W
1276,video_37_51_signer.mp4,27,47,E G G S
1277,video_3_3_signer.mp4,18,61,S A L L Y
1278,24_7_2022_207_signer.mp4,1,38,W K   V I C
1279,16_10_2022_63_signer.mp4,153,173,S E S
1280,13_11_2022_109_signer.mp4,169,188,C O P
1281,30_10_2022_128_signer.mp4,33,44,C E O
1282,video_54_17_signer.mp4,41,94,P O L I C E
1283,video_54_117_signer.mp4,77,100,S A L L Y
1284,video_72_82_signer.mp4,51,65,T O
1285,video_19_70_signer.mp4,8,23,L I D
1286,video_41_132_signer.mp4,2,15,S
1287,video_89_36_signer.mp4,25,54,G R A V I T Y
1288,video_43_74_signer.mp4,25,57,C A S T L E
1289,video_73_22_signer.mp4,13,61,M U F F I N
1290,24_7_2022_45_signer.mp4,278,304,L A B O R
1291,video_82_166_signer.mp4,15,46,C O G
1292,24_7_2022_121_signer.mp4,19,35,N T
1293,13_11_2022_39_signer.mp4,60,77,D E M
1294,video_85_170_signer.mp4,0,28,R E U S E
1295,30_10_2022_82_signer.mp4,341,361,N S W
1296,video_69_144_signer.mp4,71,95,B U T T E R
1297,video_61_168_signer.mp4,17,44,P L A S T E R
1298,13_11_2022_94_signer.mp4,1,32,H A C K E R S
1299,video_25_87_signer.mp4,24,69,G O K A R T
1300,24_7_2022_50_signer.mp4,125,164,F O M E R
1301,video_55_55_signer.mp4,0,46,C R U T C H E S
1302,24_7_2022_3_signer.mp4,152,188,S P A C E   S T A T I O N
1303,video_85_167_signer.mp4,127,153,R E C Y C L E
1304,video_21_132_signer.mp4,99,133,G R E M
1305,video_75_131_signer.mp4,121,149,Z O O
1306,video_83_30_signer.mp4,82,105,H A L F
1307,video_84_50_signer.mp4,143,160,S H E D
1308,video_25_59_signer.mp4,1,23,J A Y
1309,video_64_115_signer.mp4,36,70,P I N C H
1310,video_85_145_signer.mp4,26,43,A R T
1311,24_7_2022_190_signer.mp4,65,82,B O L
1312,video_64_92_signer.mp4,10,40,C R O W S
1313,video_25_50_signer.mp4,4,39,J A Y
1314,13_11_2022_150_signer.mp4,244,258,C U P
1315,video_57_122_signer.mp4,18,63,S P O O N
1316,video_64_60_signer.mp4,20,34,D O
1317,video_87_111_signer.mp4,149,200,P E N D U L U M
1318,4_12_2022_61_signer.mp4,73,96,T O N N E
1319,video_14_83_signer.mp4,22,55,S A M
1320,24_7_2022_46_signer.mp4,16,50,E C O N O M Y
1321,video_17_3_signer.mp4,44,83,S A L L Y
1322,video_40_126_signer.mp4,41,50,S E E D
1323,13_11_2022_0_signer.mp4,125,144,A S E A N
1324,video_20_16_signer.mp4,19,39,C A M P
1325,4_12_2022_34_signer.mp4,44,67,M E S S I
1326,video_37_117_signer.mp4,59,106,F I L L I N G
1327,video_66_3_signer.mp4,27,55,S A L L Y
1328,13_11_2022_79_signer.mp4,168,180,T U E S
1329,video_24_3_signer.mp4,35,72,S A L L Y
1330,30_10_2022_170_signer.mp4,1,27,M E H
1331,video_4_40_signer.mp4,150,162,C O R A L
1332,video_74_95_signer.mp4,61,75,P U L L
1333,24_7_2022_60_signer.mp4,177,196,M I L E
1334,video_88_176_signer.mp4,12,36,U
1335,4_12_2022_84_signer.mp4,1,16,A B C
1336,video_41_40_signer.mp4,18,52,D
1337,video_81_155_signer.mp4,2,37,D R Y
1338,video_19_23_signer.mp4,80,97,L I D
1339,16_10_2022_74_signer.mp4,242,266,E S K
1340,13_11_2022_49_signer.mp4,1,21,R E P
1341,video_85_27_signer.mp4,52,69,D I R T
1342,video_58_109_signer.mp4,29,64,P A T T E R N
1343,video_14_74_signer.mp4,2,17,O I L
1344,4_12_2022_181_signer.mp4,35,49,B B
1345,video_16_108_signer.mp4,5,27,P A N
1346,video_57_70_signer.mp4,66,91,W O O D
1347,video_74_98_signer.mp4,86,155,F O R C E S
1348,video_86_114_signer.mp4,63,92,M U F F I N
1349,30_10_2022_125_signer.mp4,72,89,L E G
1350,video_63_107_signer.mp4,24,43,S Q
1351,video_38_43_signer.mp4,30,40,I F
1352,video_38_39_signer.mp4,19,47,A C C
1353,4_12_2022_86_signer.mp4,213,262,P R O L A E S E
1354,24_7_2022_117_signer.mp4,12,27,N T
1355,video_85_40_signer.mp4,25,77,R E C Y C L E
1356,video_84_50_signer.mp4,56,113,P O S S U M
1357,video_78_146_signer.mp4,90,100,A N D
1358,30_10_2022_93_signer.mp4,237,260,K I N G
1359,video_4_118_signer.mp4,18,39,C O R A L
1360,video_83_126_signer.mp4,61,80,P I E
1361,video_26_73_signer.mp4,163,179,J A Y
1362,4_12_2022_59_signer.mp4,244,251,A S
1363,4_12_2022_111_signer.mp4,35,51,O I L
1364,16_10_2022_23_signer.mp4,271,309,C A M P A S P E
1365,video_16_149_signer.mp4,104,136,B A K E
1366,video_74_83_signer.mp4,78,111,G R A V I T Y
1367,24_7_2022_3_signer.mp4,98,140,T I A N G O N G
1368,13_11_2022_63_signer.mp4,176,185,D E M
1369,video_72_75_signer.mp4,6,34,A R T
1370,video_85_88_signer.mp4,0,20,R E U S E
1371,30_10_2022_60_signer.mp4,95,123,H W
1372,13_11_2022_63_signer.mp4,71,163,P E N N S Y L V A N I A
1373,video_61_95_signer.mp4,48,58,B O X
1374,video_52_61_signer.mp4,158,182,R O A D
1375,4_12_2022_159_signer.mp4,28,68,C A S A
1376,video_79_16_signer.mp4,62,81,F U L L
1377,video_84_48_signer.mp4,61,87,C O D E
1378,video_65_159_signer.mp4,41,93,C A C A O
1379,video_34_104_signer.mp4,121,186,H O P S C O T C H
1380,video_85_160_signer.mp4,332,408,R E C Y C L E
1381,video_2_3_signer.mp4,19,62,S A L L Y
1382,video_63_182_signer.mp4,32,69,U S E
1383,16_10_2022_121_signer.mp4,130,143,V I C
1384,video_76_57_signer.mp4,16,89,M A G N I F Y I N G
1385,video_64_33_signer.mp4,53,75,T O O L
1386,video_81_90_signer.mp4,168,195,R I D E
1387,4_12_2022_56_signer.mp4,275,290,N S W
1388,30_10_2022_166_signer.mp4,190,215,N T S
1389,video_64_112_signer.mp4,56,77,J O B
1390,video_61_165_signer.mp4,55,75,P A I R S
1391,13_11_2022_24_signer.mp4,164,209,N E V A D A
1392,video_10_73_signer.mp4,2,44,P A U L I N E
1393,video_88_162_signer.mp4,46,63,S
1394,30_10_2022_56_signer.mp4,301,315,G G
1395,24_7_2022_34_signer.mp4,83,138,J O H N   H O W A R D
1396,13_11_2022_56_signer.mp4,272,292,S E N A T E
1397,video_57_125_signer.mp4,32,57,C A R D
1398,video_61_156_signer.mp4,56,67,P A I R S
1399,video_40_138_signer.mp4,22,43,R A W
1400,video_35_73_signer.mp4,0,51,H A T
1401,video_79_157_signer.mp4,18,32,M O O N
1402,24_7_2022_121_signer.mp4,302,317,S E X
1403,video_42_91_signer.mp4,7,35,O A T S
1404,video_85_158_signer.mp4,96,138,R E U S E
1405,13_11_2022_186_signer.mp4,152,163,C C
1406,16_10_2022_79_signer.mp4,1,14,R I A
1407,video_65_160_signer.mp4,17,68,P R O T E I N
1408,4_12_2022_78_signer.mp4,20,60,T E R R O R I S M
1409,video_59_77_signer.mp4,72,91,H I V E
1410,video_88_189_signer.mp4,12,25,S
1411,video_43_95_signer.mp4,72,109,C A S T L E
1412,video_73_40_signer.mp4,36,80,S C H O O L
1413,video_26_47_signer.mp4,88,111,J A Y
1414,13_11_2022_1_signer.mp4,70,103,D E M O C R A T S
1415,video_61_156_signer.mp4,8,41,P L A S T E R
1416,video_75_155_signer.mp4,52,60,I S
1417,video_88_131_signer.mp4,0,73,P O S S U M
1418,video_64_209_signer.mp4,62,82,T O O L
1419,video_87_116_signer.mp4,11,26,S E C
1420,video_33_40_signer.mp4,132,162,W O O L
1421,video_4_38_signer.mp4,25,46,S E A
1422,video_62_79_signer.mp4,16,63,N E V I L L E
1423,video_87_50_signer.mp4,78,96,P I E
1424,video_86_117_signer.mp4,18,60,S H R E D D E D
1425,video_20_67_signer.mp4,89,107,C A M P
1426,video_64_112_signer.mp4,212,242,J O B
1427,30_10_2022_104_signer.mp4,235,244,G G
1428,30_10_2022_172_signer.mp4,223,251,C A L R C
1429,video_63_104_signer.mp4,67,89,S Q
1430,video_59_125_signer.mp4,42,73,H E X A G O N
1431,video_89_59_signer.mp4,26,59,R E A C T I O N
1432,video_75_205_signer.mp4,97,134,P O S S U M
1433,13_11_2022_150_signer.mp4,136,158,K I N G
1434,video_70_51_signer.mp4,29,62,U S E
1435,video_13_86_signer.mp4,78,118,K I T E
1436,video_63_97_signer.mp4,5,29,S Q
1437,video_86_112_signer.mp4,95,133,M U F F I N S
1438,video_40_104_signer.mp4,80,107,S E E D S
1439,video_77_29_signer.mp4,16,43,T A L L Y
1440,video_34_97_signer.mp4,8,23,S P R I N G
1441,video_73_144_signer.mp4,53,69,S E A
1442,video_58_145_signer.mp4,15,42,P A T T E R N
1443,30_10_2022_58_signer.mp4,12,23,P M
1444,video_64_179_signer.mp4,85,110,T O O L S
1445,video_5_98_signer.mp4,22,59,C A R T O N
1446,video_69_48_signer.mp4,53,80,C R E A M
1447,4_12_2022_7_signer.mp4,27,51,M E S S I
1448,video_79_148_signer.mp4,49,78,F U L L
1449,video_21_140_signer.mp4,75,86,G R E M
1450,video_37_116_signer.mp4,7,58,S A V O U R Y
1451,13_11_2022_159_signer.mp4,90,122,D O N A L D S O N
1452,video_86_155_signer.mp4,38,89,S O L I D
1453,video_65_145_signer.mp4,77,123,W A L N U T
1454,video_49_105_signer.mp4,14,37,W O O D
1455,video_69_152_signer.mp4,36,65,B U T T E R
1456,video_42_56_signer.mp4,17,47,M E N U
1457,video_8_35_signer.mp4,44,69,J A Y
1458,video_65_145_signer.mp4,32,47,C U P
1459,13_11_2022_57_signer.mp4,281,316,G E O R G I A
1460,30_10_2022_180_signer.mp4,178,201,D R C
1461,video_64_146_signer.mp4,10,51,T U R N I N G
1462,13_11_2022_63_signer.mp4,210,225,R E P
1463,video_48_123_signer.mp4,46,73,V E G
1464,video_55_94_signer.mp4,67,120,X R A Y
1465,video_21_98_signer.mp4,53,79,G R E M
1466,video_55_81_signer.mp4,50,66,D R
1467,video_43_120_signer.mp4,13,73,P I K E L E T S
1468,video_67_222_signer.mp4,42,71,W E E D
1469,video_74_155_signer.mp4,23,84,C L O S E
1470,video_88_168_signer.mp4,45,66,L E T T E R S
1471,video_11_96_signer.mp4,126,147,C R E A M
1472,30_10_2022_62_signer.mp4,90,99,P C
1473,video_64_129_signer.mp4,30,59,T O O L S
1474,video_20_94_signer.mp4,28,75,C A M P
1475,video_85_74_signer.mp4,15,42,S E E D
1476,4_12_2022_5_signer.mp4,96,112,Q F
1477,video_23_9_signer.mp4,109,132,O A T S
1478,13_11_2022_175_signer.mp4,124,139,S I M P S O N
1479,video_87_40_signer.mp4,76,103,P I E
1480,video_72_131_signer.mp4,2,20,O D D
1481,24_7_2022_214_signer.mp4,9,24,A C
1482,video_68_60_signer.mp4,47,94,P O W E R
1483,video_84_103_signer.mp4,105,124,Y A R D
1484,16_10_2022_141_signer.mp4,125,140,T A S
1485,video_73_33_signer.mp4,206,234,G A L L E Y
1486,video_65_14_signer.mp4,73,96,S O I L
1487,video_42_16_signer.mp4,4,25,O A T S
1488,video_56_67_signer.mp4,7,50,P A N C A K E
1489,video_89_183_signer.mp4,107,139,R E A C T I O N
1490,video_37_124_signer.mp4,81,105,E G G
1491,video_8_3_signer.mp4,19,61,S A L L Y
1492,video_31_1_signer.mp4,20,56,S A L L Y
1493,video_84_104_signer.mp4,49,63,S H E D
1494,video_41_131_signer.mp4,40,57,S
1495,video_76_75_signer.mp4,0,19,L I G H T
1496,4_12_2022_8_signer.mp4,232,281,H O O L I N
1497,24_7_2022_94_signer.mp4,44,64,P O X
1498,video_83_12_signer.mp4,26,49,P I E
1499,4_12_2022_163_signer.mp4,163,223,E I V D E S
1500,video_38_47_signer.mp4,135,174,P U Z Z L E
1501,video_89_63_signer.mp4,5,52,C H A I N
1502,video_78_146_signer.mp4,63,89,S A L L Y
1503,16_10_2022_48_signer.mp4,219,241,P O I N T
1504,video_84_59_signer.mp4,62,82,S I D E
1505,video_88_192_signer.mp4,0,34,S A L L Y
1506,video_87_128_signer.mp4,0,11,H R
1507,video_90_227_signer.mp4,77,97,Y D
1508,video_69_74_signer.mp4,26,56,M I L K
1509,video_64_102_signer.mp4,57,97,L A T H E
1510,30_10_2022_44_signer.mp4,45,55,G G
1511,video_49_10_signer.mp4,0,51,C R O U T O N S
1512,video_21_102_signer.mp4,18,32,U S E
1513,video_80_61_signer.mp4,26,40,E G G
1514,16_10_2022_6_signer.mp4,60,88,M I R I A M
1515,video_69_71_signer.mp4,9,29,C R E A M
1516,video_33_37_signer.mp4,15,25,W O O L
1517,video_37_54_signer.mp4,27,51,E G G
1518,video_33_89_signer.mp4,90,107,W O O L
1519,video_16_119_signer.mp4,123,140,S A L T
1520,30_10_2022_153_signer.mp4,136,144,N I
1521,video_67_15_signer.mp4,38,61,W E E D
1522,30_10_2022_49_signer.mp4,19,26,P C
1523,video_84_78_signer.mp4,1,22,B
1524,video_68_172_signer.mp4,2,32,B R E T T
1525,13_11_2022_32_signer.mp4,9,39,T R U M P
1526,video_88_81_signer.mp4,103,133,S C H O O L
1527,video_72_166_signer.mp4,183,200,O D D
1528,video_87_91_signer.mp4,36,52,S E C
1529,video_35_3_signer.mp4,54,87,S A L L Y
1530,16_10_2022_118_signer.mp4,274,291,H A N E Y
1531,4_12_2022_47_signer.mp4,37,59,M E S S I
1532,video_45_59_signer.mp4,2,35,G O K A R T
1533,4_12_2022_199_signer.mp4,119,149,F A N S
1534,4_12_2022_59_signer.mp4,439,454,C O A L
1535,30_10_2022_55_signer.mp4,30,53,G A S
1536,video_85_115_signer.mp4,110,141,R E U S E
1537,video_37_158_signer.mp4,28,52,V E G
1538,video_25_51_signer.mp4,5,23,J A Y
1539,video_72_38_signer.mp4,56,75,G E T
1540,video_87_77_signer.mp4,68,91,S E C
1541,4_12_2022_59_signer.mp4,577,586,G G
1542,13_11_2022_57_signer.mp4,92,130,N E V A D A
1543,video_77_68_signer.mp4,13,20,T O
1544,16_10_2022_113_signer.mp4,19,49,Z E R O
1545,video_74_142_signer.mp4,2,40,P U L L
1546,30_10_2022_130_signer.mp4,118,130,T V
1547,16_10_2022_25_signer.mp4,350,372,T A S
1548,video_53_39_signer.mp4,33,64,W O O D
1549,24_7_2022_80_signer.mp4,98,114,D V
1550,video_61_109_signer.mp4,6,41,C O T T A G E
1551,video_69_62_signer.mp4,32,61,C O W
1552,video_33_105_signer.mp4,93,109,U S E
1553,13_11_2022_68_signer.mp4,46,70,T R U M P
1554,video_29_24_signer.mp4,66,83,A I R
1555,video_80_93_signer.mp4,24,41,E G G
1556,video_38_80_signer.mp4,80,90,T O O L
1557,4_12_2022_1_signer.mp4,123,132,G G
1558,video_67_28_signer.mp4,25,49,Y A R D
1559,video_72_164_signer.mp4,49,69,A N D
1560,video_82_102_signer.mp4,104,142,I C E B E R G
1561,13_11_2022_189_signer.mp4,170,216,S U I C I D E
1562,video_29_156_signer.mp4,60,77,P O T
1563,video_47_11_signer.mp4,61,78,R O P E
1564,4_12_2022_8_signer.mp4,190,202,M I N
1565,video_61_17_signer.mp4,3,38,W R A P
1566,video_89_183_signer.mp4,77,106,C H A I N
1567,video_33_150_signer.mp4,8,39,P O M P O M
1568,video_59_92_signer.mp4,38,92,H E X A G O N
1569,video_29_180_signer.mp4,58,90,C O I L
1570,video_6_58_signer.mp4,12,22,W O O D
1571,13_11_2022_172_signer.mp4,130,163,F L I N D E R S
1572,24_7_2022_76_signer.mp4,40,54,D V
1573,16_10_2022_130_signer.mp4,120,139,I R A N
1574,30_10_2022_173_signer.mp4,89,117,D R C
1575,video_41_173_signer.mp4,0,21,U S E
1576,video_84_56_signer.mp4,76,106,F U N
1577,4_12_2022_180_signer.mp4,32,55,N T
1578,video_79_122_signer.mp4,117,155,T V
1579,video_89_98_signer.mp4,20,35,D O
1580,13_11_2022_57_signer.mp4,185,225,G E O R G I A
1581,video_73_40_signer.mp4,0,35,P O S S U M
1582,video_21_32_signer.mp4,11,47,K G
1583,video_90_205_signer.mp4,20,35,S A L L Y
1584,video_59_145_signer.mp4,139,182,H O N E Y C O M B
1585,video_42_89_signer.mp4,176,208,E G G
1586,video_29_163_signer.mp4,18,31,C L A Y
1587,video_85_156_signer.mp4,77,152,C O M P O S T
1588,30_10_2022_55_signer.mp4,180,204,G A S
1589,30_10_2022_176_signer.mp4,138,158,C A L D
1590,video_32_113_signer.mp4,56,79,S H A D E
1591,13_11_2022_68_signer.mp4,351,371,T R U M P
1592,video_75_5_signer.mp4,11,18,D O
1593,video_33_49_signer.mp4,119,140,W O O L
1594,video_69_105_signer.mp4,0,30,W H I P P E D
1595,video_88_172_signer.mp4,3,25,O
1596,video_84_84_signer.mp4,42,54,C O D E
1597,video_75_77_signer.mp4,8,18,I S
1598,13_11_2022_189_signer.mp4,54,60,P C
1599,video_69_139_signer.mp4,71,105,M I L K
1600,video_30_3_signer.mp4,35,72,S A L L Y
1601,4_12_2022_59_signer.mp4,272,304,C O M P O
1602,13_11_2022_125_signer.mp4,144,180,C A I R O
1603,13_11_2022_108_signer.mp4,335,349,E Q
1604,video_85_39_signer.mp4,26,40,W E E D
1605,4_12_2022_206_signer.mp4,8,43,F I F A
1606,video_64_124_signer.mp4,21,61,N A I L
1607,video_17_76_signer.mp4,6,30,C A R D S
1608,video_6_3_signer.mp4,19,62,S A L L Y
1609,24_7_2022_2_signer.mp4,105,128,P O X
1610,13_11_2022_8_signer.mp4,154,169,P M
1611,video_88_113_signer.mp4,36,59,L E T T E R
1612,video_65_150_signer.mp4,78,107,F L A X
1613,video_64_42_signer.mp4,97,113,T O O L
1614,video_52_51_signer.mp4,71,107,W O R K S
1615,13_11_2022_7_signer.mp4,25,92,M I R I A M   C O R O W A
1616,video_40_116_signer.mp4,28,59,C U C U M B E R
1617,video_87_132_signer.mp4,77,135,M I N U T E S
1618,video_37_84_signer.mp4,66,79,E G G
1619,30_10_2022_58_signer.mp4,46,56,P M
1620,video_55_93_signer.mp4,0,16,D R
1621,video_86_66_signer.mp4,42,50,I C E
1622,video_20_50_signer.mp4,135,175,C A M P
1623,13_11_2022_137_signer.mp4,205,220,F F
1624,24_7_2022_183_signer.mp4,64,75,D R
1625,24_7_2022_60_signer.mp4,197,240,O U T S T A T I O N
1626,video_87_56_signer.mp4,8,31,S E C
1627,video_63_137_signer.mp4,44,71,S W A N
1628,video_86_163_signer.mp4,4,31,C I N N A M O N
1629,video_55_164_signer.mp4,60,86,D R
1630,video_78_142_signer.mp4,38,56,S U M I
1631,24_7_2022_190_signer.mp4,109,121,C W
1632,13_11_2022_71_signer.mp4,406,427,N S W
1633,video_16_122_signer.mp4,74,106,Y E A S T
1634,video_40_16_signer.mp4,54,106,C U C U M B E R
1635,video_46_9_signer.mp4,70,97,W E E D
1636,4_12_2022_67_signer.mp4,542,551,A S
1637,video_86_159_signer.mp4,84,107,F L O U R
1638,13_11_2022_0_signer.mp4,272,319,X I   J I N P I N G
1639,video_64_88_signer.mp4,39,62,T O O L S
1640,4_12_2022_180_signer.mp4,285,320,E T I W I
1641,4_12_2022_193_signer.mp4,3,37,F I F A
1642,16_10_2022_25_signer.mp4,274,333,V I C N S W
1643,video_61_168_signer.mp4,51,62,P A I R S
1644,video_67_219_signer.mp4,3,21,M A P
1645,video_79_16_signer.mp4,82,112,M O O N
1646,30_10_2022_122_signer.mp4,1,13,D R
1647,13_11_2022_16_signer.mp4,70,77,I F
1648,video_46_115_signer.mp4,36,48,P E A S
1649,video_60_138_signer.mp4,50,88,M U D
1650,video_29_159_signer.mp4,28,59,C L A Y
1651,24_7_2022_43_signer.mp4,107,128,W E E K
1652,video_88_103_signer.mp4,192,224,L E T T E R
1653,video_40_33_signer.mp4,65,87,W E E D S
1654,video_72_30_signer.mp4,20,47,V E G
1655,video_61_93_signer.mp4,103,120,P A I R S
1656,video_68_109_signer.mp4,65,88,S T E A M
1657,video_88_170_signer.mp4,5,35,M
1658,video_86_161_signer.mp4,2,36,F L O U R
1659,video_30_143_signer.mp4,17,45,T R E A S U R E
1660,video_75_33_signer.mp4,29,47,E N D
1661,video_76_98_signer.mp4,48,64,S H E D
1662,30_10_2022_192_signer.mp4,208,218,N D I S
1663,24_7_2022_108_signer.mp4,103,114,U N
1664,24_7_2022_192_signer.mp4,41,68,S U D A N
1665,30_10_2022_71_signer.mp4,107,152,E N E R G Y
1666,16_10_2022_121_signer.mp4,151,177,T A S
1667,video_19_145_signer.mp4,134,139,D O
1668,24_7_2022_30_signer.mp4,238,254,U N I O N
1669,video_88_109_signer.mp4,4,17,S
1670,video_87_23_signer.mp4,115,127,M I N
1671,13_11_2022_59_signer.mp4,329,341,R E P
1672,13_11_2022_72_signer.mp4,85,100,N S W
1673,video_38_3_signer.mp4,38,76,S A L L Y
1674,30_10_2022_166_signer.mp4,244,264,N S W
1675,24_7_2022_50_signer.mp4,7,40,M P
1676,video_72_96_signer.mp4,93,121,E V E N
1677,13_11_2022_23_signer.mp4,105,133,S E N A T E
1678,30_10_2022_4_signer.mp4,37,53,A B C
1679,video_64_141_signer.mp4,112,130,T O O L S
1680,13_11_2022_35_signer.mp4,1,41,C A T H E R I N E
1681,video_5_99_signer.mp4,56,84,W O O L
1682,4_12_2022_23_signer.mp4,175,201,M E S S I
1683,video_72_153_signer.mp4,94,108,C A R D
1684,video_52_154_signer.mp4,31,52,N E W S
1685,24_7_2022_220_signer.mp4,2,13,T O O
1686,30_10_2022_12_signer.mp4,51,80,T E E N
1687,video_88_179_signer.mp4,22,76,P O S S U M
1688,video_13_43_signer.mp4,64,83,V E G
1689,video_24_126_signer.mp4,86,93,U S E
1690,video_63_121_signer.mp4,29,40,S Q
1691,16_10_2022_103_signer.mp4,124,175,M A R X I S T
1692,24_7_2022_206_signer.mp4,22,38,V I C
1693,13_11_2022_32_signer.mp4,65,83,R E P
1694,video_89_45_signer.mp4,92,106,S W I T C H
1695,video_42_85_signer.mp4,73,133,F R E E R A N G E
1696,video_80_191_signer.mp4,0,16,V E G
1697,13_11_2022_17_signer.mp4,39,71,J A P A N E S E
1698,video_90_64_signer.mp4,52,76,T O O L S
1699,video_40_17_signer.mp4,8,39,R A D I S H
1700,video_4_67_signer.mp4,193,228,R E E F
1701,16_10_2022_85_signer.mp4,273,287,R I O T
1702,16_10_2022_119_signer.mp4,121,149,K A M B O S I S
1703,video_63_1_signer.mp4,21,48,S A L L Y
1704,video_77_116_signer.mp4,6,39,H U M M U S
1705,video_89_45_signer.mp4,32,74,T R I G G E R
1706,video_24_135_signer.mp4,0,13,L I D
1707,video_44_3_signer.mp4,38,77,S A L L Y
1708,video_85_153_signer.mp4,59,99,R E C Y C L E
1709,video_52_135_signer.mp4,27,57,S A L L Y
1710,24_7_2022_143_signer.mp4,171,187,D O
1711,30_10_2022_152_signer.mp4,190,204,N Z
1712,video_57_3_signer.mp4,40,77,S A L L Y
1713,video_84_50_signer.mp4,27,55,P
1714,video_86_65_signer.mp4,105,113,I C E
1715,video_16_157_signer.mp4,15,40,M E T R E
1716,30_10_2022_76_signer.mp4,89,121,S Y R I A
1717,video_76_170_signer.mp4,59,82,U S E
1718,video_70_67_signer.mp4,64,92,T O O L S
1719,30_10_2022_59_signer.mp4,362,388,G W
1720,video_50_72_signer.mp4,65,97,P I E
1721,4_12_2022_58_signer.mp4,258,272,S T A T E
1722,video_16_10_signer.mp4,221,240,B A K E
1723,video_82_11_signer.mp4,33,50,E G G
1724,video_67_3_signer.mp4,28,54,S A L L Y
1725,24_7_2022_213_signer.mp4,223,265,C E R A M I C
1726,video_74_86_signer.mp4,32,80,G R A V I T Y
1727,16_10_2022_122_signer.mp4,85,105,D R Y
1728,30_10_2022_166_signer.mp4,149,166,S A
1729,video_30_71_signer.mp4,20,38,M A P
1730,video_82_106_signer.mp4,68,106,P U L L E Y
1731,24_7_2022_105_signer.mp4,2,27,R A I N S
1732,video_79_157_signer.mp4,0,17,F U L L
1733,16_10_2022_135_signer.mp4,295,347,N I N G V
1734,video_50_72_signer.mp4,26,64,C O T T A G E
1735,video_20_19_signer.mp4,80,106,T E N T
1736,4_12_2022_70_signer.mp4,136,150,A C C
1737,24_7_2022_156_signer.mp4,30,85,H E R O N
1738,video_72_77_signer.mp4,11,40,P A T T E R N
1739,video_56_152_signer.mp4,0,26,P A N C A K E
1740,video_72_62_signer.mp4,13,27,A L L
1741,4_12_2022_64_signer.mp4,40,54,C O A L
1742,16_10_2022_126_signer.mp4,17,49,A B C   N E W S
1743,13_11_2022_49_signer.mp4,230,250,R E P
1744,16_10_2022_40_signer.mp4,383,404,S E S
1745,video_16_157_signer.mp4,45,65,R U L E R
1746,video_80_113_signer.mp4,57,72,E G G
1747,13_11_2022_24_signer.mp4,223,242,R E P
1748,video_70_183_signer.mp4,0,34,B R A N C H
1749,24_7_2022_75_signer.mp4,89,104,N T
1750,13_11_2022_175_signer.mp4,5,20,N T
1751,24_7_2022_77_signer.mp4,76,87,D V
1752,video_70_151_signer.mp4,77,97,A R T
1753,video_9_67_signer.mp4,101,118,C L E A N E R
1754,13_11_2022_31_signer.mp4,59,65,I F
1755,video_41_82_signer.mp4,42,67,S
1756,16_10_2022_54_signer.mp4,157,193,S A N D B A G
1757,30_10_2022_79_signer.mp4,20,31,G G
1758,video_88_158_signer.mp4,44,54,S
1759,video_53_91_signer.mp4,130,149,W O O D
1760,video_70_64_signer.mp4,35,60,W O O D
1761,video_64_208_signer.mp4,127,154,T O O L
1762,13_11_2022_33_signer.mp4,147,196,W A S H I N G T O N
1763,video_19_53_signer.mp4,43,63,T V
1764,video_5_54_signer.mp4,22,57,S P O N G E
1765,30_10_2022_60_signer.mp4,19,42,G W
1766,video_78_145_signer.mp4,65,87,F O R
1767,video_1_56_signer.mp4,44,59,C U P
1768,13_11_2022_150_signer.mp4,81,132,B I L L I E   J E A N
1769,video_30_189_signer.mp4,21,54,S E E D S
1770,video_43_119_signer.mp4,71,119,P I K E L E T S
1771,video_87_62_signer.mp4,3,26,M I N
1772,video_25_3_signer.mp4,34,72,S A L L Y
1773,video_44_16_signer.mp4,8,17,I F
1774,16_10_2022_130_signer.mp4,169,191,U A W Z
1775,video_68_102_signer.mp4,45,77,F U E L
1776,video_61_109_signer.mp4,42,60,P I E
1777,video_85_94_signer.mp4,80,110,R E U S E
1778,4_12_2022_61_signer.mp4,267,278,A S
1779,video_1_46_signer.mp4,5,31,F L O U R
1780,video_78_145_signer.mp4,88,115,S E N D I N G
1781,4_12_2022_68_signer.mp4,264,279,S T A T E
1782,4_12_2022_174_signer.mp4,16,35,T A S
1783,video_30_49_signer.mp4,52,89,C L U E
1784,13_11_2022_94_signer.mp4,92,142,M E D I B A N K
1785,24_7_2022_58_signer.mp4,149,220,S H E R E E N   K U M A R
1786,video_16_127_signer.mp4,52,95,P A R T
1787,video_58_3_signer.mp4,40,77,S A L L Y
1788,video_65_123_signer.mp4,57,86,E N E R G Y
1789,video_64_145_signer.mp4,2,40,C U T T I N G
1790,13_11_2022_153_signer.mp4,6,27,S A N D E R S
1791,video_37_40_signer.mp4,22,41,E G G
1792,video_69_74_signer.mp4,0,25,B U T T E R
1793,16_10_2022_118_signer.mp4,95,140,K A M B O S I S
1794,4_12_2022_61_signer.mp4,136,156,T O N N E
1795,13_11_2022_3_signer.mp4,65,81,N S W
1796,video_62_136_signer.mp4,69,103,P L A N K
1797,video_77_130_signer.mp4,13,44,C E L E R Y
1798,13_11_2022_31_signer.mp4,267,285,R E P
1799,video_52_97_signer.mp4,8,30,M O P
1800,video_5_95_signer.mp4,181,223,S E E D S
1801,video_70_89_signer.mp4,16,39,S C R A P
1802,video_88_106_signer.mp4,45,71,P
1803,16_10_2022_89_signer.mp4,56,92,K Y V I V
1804,4_12_2022_96_signer.mp4,3,23,D S P
1805,16_10_2022_108_signer.mp4,113,141,P E A C E F U L
1806,16_10_2022_72_signer.mp4,44,83,S A N D B A G S
1807,video_53_52_signer.mp4,49,67,W O O D
1808,video_55_138_signer.mp4,22,34,N A P
1809,4_12_2022_59_signer.mp4,349,371,N S W
1810,16_10_2022_80_signer.mp4,293,333,M O A M A
1811,16_10_2022_59_signer.mp4,55,105,S A N D B A G S
1812,video_72_57_signer.mp4,31,43,A L L
1813,4_12_2022_130_signer.mp4,290,301,G G
1814,16_10_2022_57_signer.mp4,39,69,C F A
1815,video_65_100_signer.mp4,83,102,E G G S
1816,video_78_51_signer.mp4,49,57,S O
1817,video_66_49_signer.mp4,96,140,R E F L E C T
1818,video_61_168_signer.mp4,45,50,O F
1819,video_88_81_signer.mp4,65,102,P O S S U M
1820,video_77_130_signer.mp4,59,85,S P O O N
1821,video_80_124_signer.mp4,43,60,E G G
1822,video_68_115_signer.mp4,51,73,S T E A M
1823,video_20_14_signer.mp4,39,80,C A M P
1824,30_10_2022_80_signer.mp4,65,74,G G
1825,video_58_69_signer.mp4,65,104,P A T T E R N
1826,video_19_3_signer.mp4,34,71,S A L L Y
1827,16_10_2022_16_signer.mp4,136,195,C A M P A S P E
1828,30_10_2022_53_signer.mp4,38,55,G A S
1829,30_10_2022_172_signer.mp4,146,174,W G
1830,video_33_83_signer.mp4,81,98,W O O L
1831,16_10_2022_13_signer.mp4,27,73,S H E P P A R T O N
1832,30_10_2022_110_signer.mp4,1,18,M I N E
1833,30_10_2022_52_signer.mp4,209,225,T A X
1834,video_89_63_signer.mp4,53,110,R E A C T I O N
1835,24_7_2022_10_signer.mp4,59,138,H I N H I N B R O O K
1836,video_74_153_signer.mp4,3,46,O P E N
1837,24_7_2022_210_signer.mp4,1,83,M E T   O F F I C E
1838,13_11_2022_38_signer.mp4,1,49,D E M O R A T I C
1839,4_12_2022_115_signer.mp4,150,162,O I L
1840,4_12_2022_204_signer.mp4,133,182,C A V A L L O
1841,video_47_52_signer.mp4,8,22,D O
1842,13_11_2022_41_signer.mp4,203,214,I F
1843,video_69_147_signer.mp4,11,27,M I L K
1844,video_87_60_signer.mp4,50,59,M I N
1845,video_11_12_signer.mp4,0,18,H E A T E R
1846,24_7_2022_66_signer.mp4,35,91,H A Y   B R O W N
1847,4_12_2022_5_signer.mp4,133,147,C U P
1848,video_60_135_signer.mp4,27,51,S I R
1849,30_10_2022_180_signer.mp4,118,134,C I C
1850,video_84_102_signer.mp4,126,141,S A L L Y
1851,4_12_2022_92_signer.mp4,1,25,T T L E M E N T
1852,4_12_2022_1_signer.mp4,86,103,S T A T E
1853,video_4_51_signer.mp4,94,114,C O R A L
1854,4_12_2022_4_signer.mp4,58,78,A B C
1855,video_30_26_signer.mp4,26,60,C L U E S
1856,video_2_25_signer.mp4,55,90,Z
1857,video_37_81_signer.mp4,28,42,H E N S
1858,13_11_2022_125_signer.mp4,237,252,K M
1859,video_37_63_signer.mp4,51,98,H E N S
1860,video_84_106_signer.mp4,4,21,C O D E
1861,video_79_13_signer.mp4,25,44,M O O N
1862,video_12_75_signer.mp4,41,68,C U C U M B E R
1863,16_10_2022_141_signer.mp4,12,26,V I C
1864,video_73_26_signer.mp4,116,134,G A L L Y
1865,video_1_44_signer.mp4,42,69,G L U E
1866,30_10_2022_129_signer.mp4,102,111,T O M
1867,13_11_2022_173_signer.mp4,134,192,E R N   K I M B E R L E Y
1868,video_77_220_signer.mp4,15,43,T O O L S
1869,24_7_2022_39_signer.mp4,27,60,A B C C
1870,24_7_2022_66_signer.mp4,1,13,D V
1871,4_12_2022_121_signer.mp4,90,103,O I L
1872,video_86_38_signer.mp4,0,15,I C E
1873,13_11_2022_173_signer.mp4,5,19,W A
1874,video_72_112_signer.mp4,2,41,O D D
1875,video_51_137_signer.mp4,27,100,S I L H O U E T T E
1876,video_34_88_signer.mp4,7,61,S P R I N G
1877,video_54_103_signer.mp4,108,137,D O
1878,30_10_2022_167_signer.mp4,58,75,S W
1879,video_26_112_signer.mp4,14,29,J A Y
1880,16_10_2022_28_signer.mp4,229,286,S H E P P A R T O N
1881,30_10_2022_73_signer.mp4,118,133,N O V
1882,30_10_2022_72_signer.mp4,368,377,G G
1883,4_12_2022_59_signer.mp4,379,389,Q Q
1884,video_84_66_signer.mp4,0,16,B
1885,13_11_2022_1_signer.mp4,201,212,R E P
1886,video_89_66_signer.mp4,73,90,P U S H
1887,video_4_118_signer.mp4,111,140,C O R A L
1888,video_81_48_signer.mp4,28,42,S A L L Y
1889,13_11_2022_43_signer.mp4,302,335,G E O R G I A
1890,13_11_2022_63_signer.mp4,9,33,D E M
1891,video_10_3_signer.mp4,20,61,S A L L Y
1892,video_50_74_signer.mp4,10,40,M I N C E
1893,video_42_16_signer.mp4,49,97,P O R R I D G E
1894,video_20_68_signer.mp4,76,92,C A M P
1895,video_86_21_signer.mp4,191,209,I C E
1896,video_64_64_signer.mp4,65,81,T O O L
1897,video_4_3_signer.mp4,17,61,S A L L Y
1898,video_63_85_signer.mp4,98,125,P A P E R
1899,video_4_43_signer.mp4,114,152,A Q U A R I U M
1900,30_10_2022_53_signer.mp4,92,154,P E T R O L E U M
1901,video_86_141_signer.mp4,56,75,P A N
1902,video_40_60_signer.mp4,23,68,S E E D S
1903,13_11_2022_176_signer.mp4,173,193,B A R K L Y
1904,video_41_162_signer.mp4,8,20,J A Y
1905,16_10_2022_30_signer.mp4,1,20,N A
1906,video_83_83_signer.mp4,24,61,Q U A R T E R
1907,video_80_57_signer.mp4,47,83,C Y C L E
1908,video_89_34_signer.mp4,5,31,G R A V I T Y
1909,video_55_57_signer.mp4,10,66,C R U T C H E S
1910,video_59_40_signer.mp4,41,53,B E E
1911,video_84_58_signer.mp4,108,177,B A C K
1912,video_80_174_signer.mp4,86,130,P R O B O S C I S
1913,video_85_68_signer.mp4,35,55,F R E S H
1914,video_74_186_signer.mp4,4,39,P U S H
1915,16_10_2022_120_signer.mp4,156,178,W A
1916,video_43_75_signer.mp4,86,155,S A N D C A S T L E S
1917,24_7_2022_79_signer.mp4,101,112,I F
1918,video_23_41_signer.mp4,3,11,D O
1919,video_64_131_signer.mp4,80,105,C H A R T
1920,video_58_23_signer.mp4,26,50,U S E
1921,video_40_126_signer.mp4,71,82,S E E D
1922,video_58_71_signer.mp4,20,63,P A T T E R N
1923,4_12_2022_67_signer.mp4,56,66,C O A L
1924,video_77_33_signer.mp4,6,32,T A L L Y
1925,video_69_152_signer.mp4,0,25,C R E A M
1926,video_64_61_signer.mp4,53,88,T O O L S
1927,video_87_58_signer.mp4,44,70,M I N
1928,video_33_67_signer.mp4,128,151,O I L Y
1929,video_11_108_signer.mp4,55,78,S A L T
1930,24_7_2022_78_signer.mp4,13,23,N T
1931,video_61_156_signer.mp4,42,55,O F
1932,13_11_2022_44_signer.mp4,165,196,W A L K E R
1933,4_12_2022_103_signer.mp4,87,109,S H I N E
1934,video_4_16_signer.mp4,35,57,P E T
1935,video_58_161_signer.mp4,40,74,P A T T E R N
1936,16_10_2022_124_signer.mp4,137,154,F R
1937,30_10_2022_89_signer.mp4,1,14,T A S
1938,video_85_91_signer.mp4,17,50,R E U S E
1939,4_12_2022_110_signer.mp4,10,27,W D
1940,video_88_156_signer.mp4,6,71,S C H O O L
1941,13_11_2022_36_signer.mp4,83,137,A D A M   L A X A L T
1942,16_10_2022_116_signer.mp4,196,242,K A M B O S I S
1943,13_11_2022_51_signer.mp4,112,135,B I D E N
1944,video_29_3_signer.mp4,37,73,S A L L Y
1945,13_11_2022_113_signer.mp4,391,419,S O L A R
1946,16_10_2022_6_signer.mp4,24,39,N E W S
1947,video_19_125_signer.mp4,1,36,O L I V E S
1948,video_72_60_signer.mp4,13,20,D O
1949,video_86_71_signer.mp4,54,97,L I Q U I D
1950,video_29_200_signer.mp4,26,47,K I L N
1951,30_10_2022_130_signer.mp4,100,114,A B C
1952,4_12_2022_198_signer.mp4,46,79,F I F A
1953,video_83_90_signer.mp4,103,126,I F
1954,video_5_118_signer.mp4,122,171,M U S T A R D
1955,video_47_159_signer.mp4,52,69,A R T
1956,13_11_2022_43_signer.mp4,254,286,R A F A E L
1957,video_70_74_signer.mp4,154,192,C O L L A G E
1958,13_11_2022_90_signer.mp4,82,126,E S S E N T I A L
1959,video_53_95_signer.mp4,39,56,W O O D
1960,video_87_110_signer.mp4,20,44,S H E D
1961,video_85_57_signer.mp4,39,53,U S E
1962,24_7_2022_192_signer.mp4,160,209,K O R I R
1963,video_22_211_signer.mp4,20,50,D E A R
1964,video_37_2_signer.mp4,20,55,S A L L Y
1965,video_51_133_signer.mp4,9,31,R O P E
1966,13_11_2022_45_signer.mp4,226,256,S E N A T E
1967,video_62_80_signer.mp4,44,73,S K I P
1968,13_11_2022_50_signer.mp4,213,241,B I D E N
1969,video_21_98_signer.mp4,17,50,W H E A T
1970,video_84_15_signer.mp4,53,65,D O
1971,4_12_2022_57_signer.mp4,23,58,M A T T   K E A N
1972,video_42_1_signer.mp4,0,33,S A L L Y
1973,video_87_76_signer.mp4,24,86,P E N D U L U M
1974,video_22_104_signer.mp4,86,94,I F
1975,30_10_2022_141_signer.mp4,85,152,M R   H A S T I N G S
1976,video_46_118_signer.mp4,70,101,P O D
1977,video_85_115_signer.mp4,40,84,R E C Y C L E
1978,16_10_2022_128_signer.mp4,353,384,I R A N
1979,video_58_89_signer.mp4,55,80,P A T T E R N
1980,video_70_151_signer.mp4,43,74,S C R A P
1981,video_64_108_signer.mp4,59,87,T O O L S
1982,video_33_69_signer.mp4,37,48,W O O L
1983,video_42_50_signer.mp4,19,65,M E N U
1984,24_7_2022_81_signer.mp4,145,212,S E X U A L   A S S A U L T
1985,video_56_3_signer.mp4,40,78,S A L L Y
1986,video_30_56_signer.mp4,10,45,A R R O W
1987,video_85_77_signer.mp4,1,35,S C R A P
1988,video_69_56_signer.mp4,45,63,C R E A M
1989,video_35_66_signer.mp4,17,81,S C H O O L
1990,16_10_2022_137_signer.mp4,144,154,S A T
1991,video_72_164_signer.mp4,110,142,P O S S U M
1992,video_65_184_signer.mp4,37,52,C R O W S
1993,video_30_27_signer.mp4,64,83,C L U E S
1994,video_60_133_signer.mp4,102,120,S I R
1995,4_12_2022_103_signer.mp4,234,271,H A M I L T O N
1996,video_30_42_signer.mp4,39,55,W O O D
1997,13_11_2022_41_signer.mp4,68,92,V P
1998,video_82_107_signer.mp4,196,220,C O G
1999,4_12_2022_109_signer.mp4,39,65,S H I N E
2000,video_61_71_signer.mp4,67,91,C R A F T
2001,13_11_2022_93_signer.mp4,27,56,C Y B E R
2002,30_10_2022_157_signer.mp4,127,171,W I L L I A M S
2003,video_15_60_signer.mp4,48,84,O B S T A C L E
